{"type":"FeatureCollection","name":"aspas","crs":{"type":"name","properties":{"name":"urn:ogc:def:crs:OGC:1.3:CRS84"}},"features":[{"type":"Feature","properties":{"ASPA_No":101,"NAME":"Taylor Rookery, Mac. Robertson Land","Propon":"Australia","DesigInstr":"Rec. IV-1","Area_km":0.2743,"PrimProtDe":"C","BiodivDesi":1,"EnvDomain":"D","Marine":0,"ACBR":"16"},"geometry":{"type":"Polygon","coordinates":[[[60.882833330000075,-67.45136110999982],[60.88918169613039,-67.45144350188879],[60.88858956132511,-67.45182274167513],[60.88996062284502,-67.45255862940675],[60.8859863372891,-67.45369725247589],[60.89129395218488,-67.45370993263653],[60.89152778000004,-67.45474999999985],[60.89385368878733,-67.45586420956414],[60.8875981663163,-67.45629672781199],[60.88405556000013,-67.45827777999985],[60.879583329999896,-67.4580277799998],[60.879277780000024,-67.45691666999977],[60.880583330000036,-67.4557499999998],[60.88162982623738,-67.45192785123542],[60.882833330000075,-67.45136110999982]]]}},{"type":"Feature","properties":{"ASPA_No":102,"NAME":"Rookery Islands, Holme Bay, Mac. Robertson Land","Propon":"Australia","DesigInstr":"Rec. IV-2","Area_km":0.8527,"PrimProtDe":"C","BiodivDesi":1,"EnvDomain":"D","Marine":0,"ACBR":"16"},"geometry":{"type":"MultiPolygon","coordinates":[[[[62.55776267957966,-67.62105563070278],[62.557779388200885,-67.62120011126655],[62.55747698532807,-67.62115582437418],[62.55776267957966,-67.62105563070278]]],[[[62.55753374840744,-67.61831858237167],[62.557508740602316,-67.61837143775277],[62.557452083293235,-67.61833213130144],[62.55753374840744,-67.61831858237167]]],[[[62.556775573249475,-67.61764025129762],[62.55673369582454,-67.61776700691408],[62.55666670385646,-67.61762857774546],[62.556775573249475,-67.61764025129762]]],[[[62.55704895049304,-67.6147933171995],[62.5570236766252,-67.61484022773492],[62.55699213436785,-67.6148113105222],[62.55704895049304,-67.6147933171995]]],[[[62.55363828649496,-67.61530167701699],[62.55358708943286,-67.61540636929335],[62.55353589510168,-67.61534403626334],[62.55363828649496,-67.61530167701699]]],[[[62.55555894737908,-67.61414551000148],[62.55535218570541,-67.61461327846877],[62.554333751860376,-67.61435350208458],[62.55555894737908,-67.61414551000148]]],[[[62.553173194034386,-67.61456567110721],[62.55309233134015,-67.61469344426331],[62.55303556747958,-67.61461295720463],[62.553173194034386,-67.61456567110721]]],[[[62.5564103003882,-67.61207843947136],[62.556373406465966,-67.61213332906594],[62.5563192119586,-67.61209996712152],[62.5564103003882,-67.61207843947136]]],[[[62.556539626976594,-67.61193786755977],[62.55656511794862,-67.61198269038358],[62.556502678190654,-67.61195682520898],[62.556539626976594,-67.61193786755977]]],[[[62.55651863671406,-67.61199597074993],[62.55645576722936,-67.61205139642162],[62.556349734271436,-67.61201921201233],[62.55651863671406,-67.61199597074993]]],[[[62.55309442053929,-67.61439473651104],[62.55307117988957,-67.61447645561546],[62.55301639777881,-67.61442649210194],[62.55309442053929,-67.61439473651104]]],[[[62.5531650001662,-67.61420195265273],[62.553078943196084,-67.61428452861482],[62.55302159125307,-67.61421860679859],[62.5531650001662,-67.61420195265273]]],[[[62.5573268269312,-67.6108445697591],[62.558119919057035,-67.61204170294991],[62.557870157036845,-67.6133618441661],[62.5570733176841,-67.61347467610393],[62.558404809935794,-67.61404113917074],[62.5581029440919,-67.61482726851071],[62.55653839631036,-67.61431028674782],[62.5573268269312,-67.6108445697591]]],[[[62.543575613474424,-67.618772588357],[62.54399443754875,-67.61915151631197],[62.54322587258746,-67.61886587409892],[62.543575613474424,-67.618772588357]]],[[[62.5432388331774,-67.61835896009555],[62.54399042050619,-67.61868642525256],[62.543194973623564,-67.61866136341722],[62.5432388331774,-67.61835896009555]]],[[[62.54326127079083,-67.61771109971633],[62.544182078898736,-67.6179251966522],[62.543040853851686,-67.61781750520058],[62.54326127079083,-67.61771109971633]]],[[[62.542666211053046,-67.61793146203121],[62.54279344661157,-67.61787732218566],[62.54278155992344,-67.61795132954758],[62.542666211053046,-67.61793146203121]]],[[[62.541959443850466,-67.61783748023073],[62.54198830777383,-67.61797692749961],[62.541903483031305,-67.61795866658456],[62.541959443850466,-67.61783748023073]]],[[[62.54575894488279,-67.61471963075176],[62.5457794532706,-67.61476140060553],[62.545710801741194,-67.61474351458105],[62.54575894488279,-67.61471963075176]]],[[[62.53891260193836,-67.61913866361938],[62.5389183859777,-67.61917695244573],[62.53888057988867,-67.61916795646844],[62.53891260193836,-67.61913866361938]]],[[[62.5450199931988,-67.61483990615766],[62.545208064738965,-67.61450023224799],[62.545432658098,-67.6145305954587],[62.5450199931988,-67.61483990615766]]],[[[62.538990574332786,-67.6183804874017],[62.53903994642054,-67.61844175012733],[62.53892727634341,-67.61840362172022],[62.538990574332786,-67.6183804874017]]],[[[62.543094726961954,-67.61541434828801],[62.542899640633294,-67.61556279200907],[62.54293225150653,-67.61543073501731],[62.543094726961954,-67.61541434828801]]],[[[62.53797818938385,-67.61910738985407],[62.537775286906765,-67.61921133233217],[62.53767707346079,-67.61911408365779],[62.53797818938385,-67.61910738985407]]],[[[62.54498047399126,-67.61388348460117],[62.544807930321966,-67.61402544834844],[62.54457685875383,-67.61392648582255],[62.54498047399126,-67.61388348460117]]],[[[62.53936944690599,-67.61708744414052],[62.539418875708385,-67.61714613600411],[62.53932237467567,-67.6171182892597],[62.53936944690599,-67.61708744414052]]],[[[62.54607248530043,-67.6126059707294],[62.54615854225745,-67.61360073476592],[62.54483111933045,-67.61355628824899],[62.54523205677405,-67.6125112389811],[62.54607248530043,-67.6126059707294]]],[[[62.546553908934236,-67.61152124058749],[62.546544376633804,-67.61159348080227],[62.546452163157014,-67.61154764163928],[62.546553908934236,-67.61152124058749]]],[[[62.54516340385626,-67.61234646253654],[62.54557735218822,-67.61226244123169],[62.545604128111066,-67.61233312786526],[62.54516340385626,-67.61234646253654]]],[[[62.547119141174925,-67.61038456599117],[62.54713938318508,-67.61044475727475],[62.547068054294144,-67.61041294834183],[62.547119141174925,-67.61038456599117]]],[[[62.54742834395108,-67.61000976225652],[62.54689706482611,-67.61024217372915],[62.54693915651836,-67.60999075204167],[62.54742834395108,-67.61000976225652]]],[[[62.54218805360229,-67.61350750253324],[62.54215415600876,-67.61364464684337],[62.54207099017618,-67.61359537992355],[62.54218805360229,-67.61350750253324]]],[[[62.541802967389096,-67.61375640850079],[62.54173870687893,-67.61394239124797],[62.54166485992806,-67.61371822586706],[62.541802967389096,-67.61375640850079]]],[[[62.54734346534521,-67.60952940971475],[62.54745051476749,-67.60992568705821],[62.54705413050342,-67.6098758847135],[62.54734346534521,-67.60952940971475]]],[[[62.54316027363469,-67.61236338441606],[62.54312005504055,-67.61240204822253],[62.54306414912474,-67.61237832550606],[62.54316027363469,-67.61236338441606]]],[[[62.5430923161321,-67.61227904199447],[62.54311384240483,-67.61232702353348],[62.54305820342028,-67.61231160030789],[62.5430923161321,-67.61227904199447]]],[[[62.54125347997059,-67.61231288556553],[62.54258920272195,-67.61248831916747],[62.54291656216993,-67.61300615819906],[62.54066329328942,-67.61300492588495],[62.54125347997059,-67.61231288556553]]],[[[62.54815337223481,-67.60722269838882],[62.548788113019704,-67.60628780341281],[62.54911011623106,-67.6063567776542],[62.54815337223481,-67.60722269838882]]],[[[62.53908407292405,-67.61341700164616],[62.53917784064107,-67.61361519421662],[62.53896053139438,-67.61344377736464],[62.53908407292405,-67.61341700164616]]],[[[62.5422773759258,-67.60978013492212],[62.54211281314283,-67.60994212742843],[62.542008710226874,-67.60985880216909],[62.5422773759258,-67.60978013492212]]],[[[62.54336805134718,-67.60880223939839],[62.54336092940671,-67.60885921778515],[62.54332237115921,-67.60882917582184],[62.54336805134718,-67.60880223939839]]],[[[62.54333945446546,-67.60870568686197],[62.54332237205494,-67.60874210162437],[62.54328258342063,-67.60871886087556],[62.54333945446546,-67.60870568686197]]],[[[62.54218403693568,-67.60961139609968],[62.54207329237144,-67.60970650273677],[62.541984773018456,-67.609645828911],[62.54218403693568,-67.60961139609968]]],[[[62.5427526410592,-67.60921420819146],[62.54273347078206,-67.60936875653445],[62.54243910074218,-67.60928864351874],[62.5427526410592,-67.60921420819146]]],[[[62.54353405826398,-67.60841367285092],[62.54346615522273,-67.60848082624148],[62.54344543154303,-67.6084331127398],[62.54353405826398,-67.60841367285092]]],[[[62.512634674431965,-67.6306202229725],[62.51264527765169,-67.63066177881127],[62.51255434784304,-67.63063157616916],[62.512634674431965,-67.6306202229725]]],[[[62.54281583141459,-67.60825933952472],[62.542660962936544,-67.60859622864449],[62.54252371126924,-67.60838036455525],[62.54281583141459,-67.60825933952472]]],[[[62.514920553818584,-67.6321558524971],[62.512415382493465,-67.63247491029352],[62.510633257451765,-67.6306691686109],[62.5121050007781,-67.63071757905729],[62.514920553818584,-67.6321558524971]]],[[[62.52937500129684,-67.61530365861303],[62.52947433701754,-67.61539603401624],[62.52923260914423,-67.61536101168042],[62.52937500129684,-67.61530365861303]]],[[[62.52944708064501,-67.6148906728957],[62.5294124866839,-67.61492034061972],[62.529375803437745,-67.61490368583819],[62.52944708064501,-67.6148906728957]]],[[[62.52954920202863,-67.61476102582095],[62.5295512916189,-67.61480895386346],[62.52951037678324,-67.61479995709675],[62.52954920202863,-67.61476102582095]]],[[[62.52947005333703,-67.6146182050992],[62.52956666063665,-67.61471904152856],[62.529352776378026,-67.61465595864013],[62.52947005333703,-67.6146182050992]]],[[[62.52809620136514,-67.61538875117397],[62.52779749436287,-67.61554013984946],[62.52761461621112,-67.61544064224684],[62.52809620136514,-67.61538875117397]]],[[[62.530331047389275,-67.6143080369873],[62.52964157807744,-67.61435703710406],[62.529070830666114,-67.61407878516499],[62.529768387545104,-67.61410588226993],[62.530331047389275,-67.6143080369873]]],[[[62.525614431102355,-67.6158463980167],[62.529515786052926,-67.6160998024136],[62.52927555521556,-67.61736430272153],[62.5266609252543,-67.6174800268063],[62.525614431102355,-67.6158463980167]]],[[[62.53009274402729,-67.61365010943892],[62.529103550988424,-67.61394560370138],[62.52795471883839,-67.61343686925387],[62.52957105163994,-67.61339156446248],[62.53009274402729,-67.61365010943892]]],[[[62.538621873401404,-67.60383227368807],[62.54188361566102,-67.60380662325993],[62.541988950476885,-67.6045455201968],[62.538621873401404,-67.60383227368807]]],[[[62.559557657670815,-67.58763806110129],[62.55954255683996,-67.58770210883712],[62.55947776026243,-67.58766676464245],[62.559557657670815,-67.58763806110129]]],[[[62.499193413755876,-67.63082532349773],[62.500461503972026,-67.63017291110847],[62.501289831612645,-67.63064175031528],[62.499193413755876,-67.63082532349773]]],[[[62.524727626390636,-67.61231540338294],[62.52582606597627,-67.61322239722652],[62.52532423752861,-67.61331986018862],[62.52830863711838,-67.61463389570349],[62.525089256730304,-67.61508260002425],[62.524344682835654,-67.61364609262982],[62.52503891817932,-67.61333346211242],[62.52387595038565,-67.61312375649966],[62.524727626390636,-67.61231540338294]]],[[[62.52428577543769,-67.61210526867315],[62.52442881087896,-67.61216519219231],[62.524219213059325,-67.61213107981459],[62.52428577543769,-67.61210526867315]]],[[[62.517948597706614,-67.61543721503209],[62.51805066626166,-67.61559096010569],[62.51789558299251,-67.6155866762038],[62.517948597706614,-67.61543721503209]]],[[[62.52571923013239,-67.61090031656678],[62.52483397919086,-67.61095568815331],[62.52419682782398,-67.61050548456382],[62.524668721047014,-67.61050880460557],[62.52571923013239,-67.61090031656678]]],[[[62.51735182602831,-67.61551368562843],[62.51752452722164,-67.61531854599428],[62.51765958421727,-67.61548932045035],[62.51735182602831,-67.61551368562843]]],[[[62.53506603108823,-67.6021334206323],[62.53757398782275,-67.6022776333765],[62.53706450317297,-67.60254062278364],[62.538792809871545,-67.60448190136003],[62.54384867125384,-67.60645482962124],[62.54422063828101,-67.60760114304243],[62.54295045922281,-67.60752376222256],[62.542136482768775,-67.60641868213399],[62.53747566757256,-67.60603573847204],[62.53443814507852,-67.60408128661648],[62.53433505927471,-67.6033631670546],[62.53584814308847,-67.6032260224282],[62.53506603108823,-67.6021334206323]]],[[[62.496908712129645,-67.62972629476083],[62.49897064042446,-67.62975408824525],[62.49897465760106,-67.63064282122187],[62.496908712129645,-67.62972629476083]]],[[[62.52259340204517,-67.61093630272737],[62.52227595167475,-67.6110613981932],[62.52213452412627,-67.61101261267396],[62.52259340204517,-67.61093630272737]]],[[[62.551307260817524,-67.58927243957396],[62.554421897648126,-67.58986814096995],[62.55500817350764,-67.59074643216461],[62.552656318953375,-67.59092470348172],[62.551307260817524,-67.58927243957396]]],[[[62.51580286119142,-67.6147459783426],[62.51682236635286,-67.6157568071429],[62.51501914148924,-67.61572467695936],[62.51580286119142,-67.6147459783426]]],[[[62.519222738963656,-67.61088810637044],[62.51917320400718,-67.61107350005469],[62.51894336242942,-67.61093865872344],[62.519222738963656,-67.61088810637044]]],[[[62.51714490517792,-67.61395224447392],[62.51581726554192,-67.61407546536644],[62.51508747448066,-67.61361599702154],[62.516365362713444,-67.61340945084301],[62.51714490517792,-67.61395224447392]]],[[[62.518949414455456,-67.61049407795163],[62.51897351325219,-67.61061322902093],[62.51868155157479,-67.6105547517466],[62.518949414455456,-67.61049407795163]]],[[[62.51528314865436,-67.61306094042871],[62.51626323939021,-67.61282103142365],[62.5167331508383,-67.61304535707072],[62.51528314865436,-67.61306094042871]]],[[[62.51984125410075,-67.60916879695301],[62.52097257312092,-67.60966864237174],[62.51999146422965,-67.60968513622058],[62.51984125410075,-67.60916879695301]]],[[[62.5553376730138,-67.58286494916489],[62.55534511679499,-67.58290773639553],[62.55524471033614,-67.58287876510292],[62.5553376730138,-67.58286494916489]]],[[[62.55598751710275,-67.58219197327269],[62.556821575010574,-67.58335895742208],[62.5590328570312,-67.58349390576043],[62.558743359769835,-67.5855715798047],[62.5597204530901,-67.58742123309041],[62.55495580140996,-67.5848173662796],[62.554377825789494,-67.58379025760844],[62.55528808642466,-67.58388509675599],[62.55598751710275,-67.58219197327269]]],[[[62.5193346597181,-67.60898249229888],[62.5194082387903,-67.60905162697537],[62.51915205156232,-67.60899775455846],[62.5193346597181,-67.60898249229888]]],[[[62.520778718318354,-67.60784008820312],[62.52071777811851,-67.60796309470994],[62.520592253176126,-67.60784613895973],[62.520778718318354,-67.60784008820312]]],[[[62.51928582193356,-67.60880041924707],[62.5193445142046,-67.60891325112854],[62.51914541037646,-67.6088463125524],[62.51928582193356,-67.60880041924707]]],[[[62.565483670566216,-67.57439826063236],[62.56558889788271,-67.57442118007154],[62.565469692523145,-67.5744147006504],[62.565483670566216,-67.57439826063236]]],[[[62.528323364857116,-67.60166613338653],[62.52831147781029,-67.60172932383935],[62.52822295721939,-67.60168187821772],[62.528323364857116,-67.60166613338653]]],[[[62.56482911652494,-67.57468486550793],[62.564874528427275,-67.57471978064912],[62.56479045116295,-67.57471223028394],[62.56482911652494,-67.57468486550793]]],[[[62.54362097228867,-67.59017215085677],[62.54355323076921,-67.5902143490497],[62.54353400500549,-67.59017713113279],[62.54362097228867,-67.59017215085677]]],[[[62.54294301723289,-67.59030897328577],[62.54310698880747,-67.59023464458025],[62.54315684566158,-67.59028551869397],[62.54294301723289,-67.59030897328577]]],[[[62.56452826675204,-67.57434353107787],[62.56473850816269,-67.57437989228934],[62.56453742311096,-67.57438824598533],[62.56452826675204,-67.57434353107787]]],[[[62.56481546013005,-67.57415770925479],[62.56529661701783,-67.57392229890688],[62.56561031802375,-67.5741560488358],[62.56481546013005,-67.57415770925479]]],[[[62.52124750440339,-67.60692409690773],[62.52066808291604,-67.60776688356145],[62.5199506581593,-67.60700999268926],[62.520177500318724,-67.60688559377176],[62.52124750440339,-67.60692409690773]]],[[[62.56505740310019,-67.57380362966435],[62.56518903168661,-67.57379725707442],[62.56500985036245,-67.5738282629592],[62.56505740310019,-67.57380362966435]]],[[[62.56449110193572,-67.57459784541231],[62.564760088764935,-67.57441952051704],[62.56503978498918,-67.57425335072307],[62.56541710758409,-67.57440698882861],[62.56449110193572,-67.57459784541231]]],[[[62.564676173421134,-67.5741281489662],[62.564128240044894,-67.57414282226978],[62.563900968895226,-67.57409633941207],[62.56413450445063,-67.57401146127509],[62.564676173421134,-67.5741281489662]]],[[[62.5273816158318,-67.60098041286452],[62.52728763271348,-67.60105774055098],[62.52723049448016,-67.60097693135013],[62.5273816158318,-67.60098041286452]]],[[[62.5585661073007,-67.57760612877819],[62.55854795231065,-67.57766069683736],[62.55848438872682,-67.57764291816521],[62.5585661073007,-67.57760612877819]]],[[[62.56407795604319,-67.57356377460242],[62.564282253047004,-67.57352098730524],[62.564317274602395,-67.57353667779789],[62.56407795604319,-67.57356377460242]]],[[[62.56409782345841,-67.57360993558991],[62.56501472401347,-67.5739111599851],[62.56377897954233,-67.57370680860575],[62.56409782345841,-67.57360993558991]]],[[[62.5584273015551,-67.5775166450954],[62.55833455222264,-67.57762631779502],[62.55815301277685,-67.5775583074498],[62.5584273015551,-67.5775166450954]]],[[[62.542293333950965,-67.58894749150524],[62.544531874801585,-67.58967053796137],[62.54464256466087,-67.59005562319504],[62.543914966289265,-67.59022323821422],[62.542293333950965,-67.58894749150524]]],[[[62.55825834776258,-67.57713669988114],[62.558194621620075,-67.57746657491661],[62.55798464832469,-67.57720090806217],[62.55825834776258,-67.57713669988114]]],[[[62.52101139600401,-67.60403994483133],[62.5224712517784,-67.60522658229819],[62.52156083120619,-67.6057691084444],[62.51989480309878,-67.60531510237011],[62.52132568809275,-67.6051422935319],[62.52046099955033,-67.60462017009759],[62.52101139600401,-67.60403994483133]]],[[[62.529663746768,-67.59681821099988],[62.52964066727131,-67.59687877744658],[62.52957313900312,-67.59684332611005],[62.529663746768,-67.59681821099988]]],[[[62.52983355833324,-67.59667678295857],[62.52975606948918,-67.5967296375607],[62.52971108695913,-67.59670784193932],[62.52983355833324,-67.59667678295857]]],[[[62.529777383730334,-67.59657433901442],[62.529688221056226,-67.59666323415216],[62.529559055576584,-67.5965967776315],[62.529777383730334,-67.59657433901442]]],[[[62.55781376746268,-67.5758514214598],[62.55912453796006,-67.57587321668761],[62.558752946418245,-67.57706322810061],[62.55795096510549,-67.57695216326093],[62.55781376746268,-67.5758514214598]]],[[[62.540653493996174,-67.58848716695314],[62.541824174481796,-67.58881002614777],[62.5420905365318,-67.58942527422457],[62.54104784369939,-67.58909722044454],[62.540653493996174,-67.58848716695314]]],[[[62.50254314007157,-67.61564708147016],[62.502759110491134,-67.61581057315813],[62.502423720241204,-67.6158160888366],[62.50254314007157,-67.61564708147016]]],[[[62.502961479868674,-67.6156333188672],[62.502931276616316,-67.61539790846837],[62.50312545346108,-67.61547459307532],[62.502961479868674,-67.6156333188672]]],[[[62.516633651487744,-67.60554226617943],[62.51763312924818,-67.60592349586504],[62.51672977640769,-67.60702723643223],[62.51577528315844,-67.60690080256094],[62.516633651487744,-67.60554226617943]]],[[[62.54004820656088,-67.58804237183234],[62.54005109713169,-67.58812773212449],[62.53997162980836,-67.58808039300327],[62.54004820656088,-67.58804237183234]]],[[[62.53985258616271,-67.58775351722582],[62.53989130327017,-67.58778639750875],[62.53981445566982,-67.58777054641098],[62.53985258616271,-67.58775351722582]]],[[[62.53924387029171,-67.58802411064643],[62.539792981347574,-67.58797816425444],[62.53958782757611,-67.58815322228223],[62.53924387029171,-67.58802411064643]]],[[[62.5395484152546,-67.58757738761115],[62.53973643124519,-67.58749384835268],[62.539856494762624,-67.5875997184499],[62.5395484152546,-67.58757738761115]]],[[[62.55699026007349,-67.574478640792],[62.55705280708875,-67.57456475020851],[62.55692508815571,-67.57449609822413],[62.55699026007349,-67.574478640792]]],[[[62.55573089911332,-67.5748818257621],[62.55665331643144,-67.57479132478954],[62.55612733702179,-67.57500038827325],[62.55573089911332,-67.5748818257621]]],[[[62.55567376059672,-67.57390039570727],[62.558594488537466,-67.57301771462582],[62.559020968089875,-67.5752933127057],[62.5575116322627,-67.57511755744011],[62.557395480407614,-67.5744702326761],[62.55567376059672,-67.57390039570727]]],[[[62.4883033259561,-67.61967733328065],[62.488286832822084,-67.61989073447002],[62.488141707873574,-67.61974014904905],[62.4883033259561,-67.61967733328065]]],[[[62.48918124168276,-67.61900815982332],[62.489200573794605,-67.61945150862175],[62.48894588495229,-67.61914316216806],[62.48918124168276,-67.61900815982332]]],[[[62.48848234824748,-67.61926204509906],[62.488662653445424,-67.61955668263069],[62.48835468111086,-67.61954083145696],[62.48848234824748,-67.61926204509906]]],[[[62.515590798962926,-67.59959927762736],[62.51467925291521,-67.59979222230714],[62.5131712555369,-67.59945345821048],[62.51505753830421,-67.59938111077845],[62.515590798962926,-67.59959927762736]]],[[[62.47311426703447,-67.62804629176526],[62.47348987389769,-67.62730755474124],[62.47389803967998,-67.62781527192786],[62.47311426703447,-67.62804629176526]]],[[[62.48821727003384,-67.61539764106129],[62.48806657682315,-67.61548974840754],[62.48797441591318,-67.61538184366452],[62.48821727003384,-67.61539764106129]]],[[[62.499324345138746,-67.6068920738372],[62.5037691904792,-67.60855092450306],[62.503718478027736,-67.60949224458297],[62.50232438313881,-67.61043602823061],[62.50417173426065,-67.6111927052932],[62.502402140041845,-67.6119518451554],[62.50334308487901,-67.61242496805383],[62.50328198371311,-67.61404022861129],[62.50207151475418,-67.61578781308235],[62.49913884523459,-67.61543828564872],[62.49976807147086,-67.61465965357169],[62.500562821334675,-67.61497871078225],[62.50039285113244,-67.61400027972593],[62.49764145228567,-67.61435216356739],[62.49916262294567,-67.61280234226292],[62.498705457177536,-67.61185539964855],[62.499730476380144,-67.61159267783748],[62.498857755610814,-67.6113124447274],[62.49815206068609,-67.60870199250219],[62.499324345138746,-67.6068920738372]]],[[[62.51068043500911,-67.5995261800633],[62.509965690656806,-67.59954294208494],[62.509544939211075,-67.59927443665356],[62.50974039978651,-67.59926592182748],[62.51068043500911,-67.5995261800633]]],[[[62.49251918700984,-67.61200967985131],[62.49246595524898,-67.61221520907971],[62.49208060281881,-67.61205428752085],[62.49251918700984,-67.61200967985131]]],[[[62.487963758987355,-67.6148479389969],[62.487878024349484,-67.61501303671372],[62.48769161377475,-67.61489993705827],[62.487963758987355,-67.6148479389969]]],[[[62.47290761273359,-67.62313212565446],[62.47300180894255,-67.62330889814099],[62.47245092903569,-67.62324592215178],[62.47290761273359,-67.62313212565446]]],[[[62.47234987793946,-67.62138919986235],[62.47339273306691,-67.62280391165777],[62.47224481098809,-67.623259255906],[62.4733491410421,-67.62392430671296],[62.472146437550784,-67.62412244548185],[62.4717450748844,-67.62325904176943],[62.47110792397471,-67.62435533893986],[62.4710588168851,-67.6218717488266],[62.47234987793946,-67.62138919986235]]],[[[62.47259219785825,-67.6199258641354],[62.47275649273955,-67.62011714790486],[62.472397807587164,-67.62001363401902],[62.47259219785825,-67.6199258641354]]],[[[62.47293229962003,-67.62038945486405],[62.472333116519664,-67.62040868024926],[62.4719715415726,-67.62015399180545],[62.47229161585972,-67.62008073403362],[62.47293229962003,-67.62038945486405]]],[[[62.49746044830137,-67.59950352808904],[62.498898562585,-67.5987556878824],[62.4995285894326,-67.59890397048197],[62.49746044830137,-67.59950352808904]]],[[[62.48758161950582,-67.60595021780516],[62.487247995758246,-67.60625288866022],[62.48722748465289,-67.60591332093053],[62.48758161950582,-67.60595021780516]]],[[[62.4870013401294,-67.60587251503426],[62.486358673229454,-67.60609967866199],[62.48634624971083,-67.60596590845995],[62.4870013401294,-67.60587251503426]]],[[[62.48494867360815,-67.60672767201937],[62.48558319986019,-67.60605367888913],[62.48637232896834,-67.6067240842387],[62.48577833984349,-67.60821590886407],[62.48418444659281,-67.60828595436723],[62.484706193732485,-67.60733911791672],[62.48406802685162,-67.606730189221],[62.48494867360815,-67.60672767201937]]],[[[62.487231824031475,-67.60451783449436],[62.48713430697589,-67.60466520658552],[62.48700583733787,-67.60456811925553],[62.487231824031475,-67.60451783449436]]],[[[62.48441867815756,-67.60646023830631],[62.48440036481881,-67.60658833255593],[62.48431666387219,-67.60648058707184],[62.48441867815756,-67.60646023830631]]],[[[62.528601508597696,-67.57336922267905],[62.52822172546243,-67.57376373396754],[62.52809164984919,-67.57332166994402],[62.528601508597696,-67.57336922267905]]],[[[62.48710881689979,-67.60293304477956],[62.48951395308877,-67.60386060251523],[62.491039247779334,-67.6050764791425],[62.48705226775739,-67.60443670439389],[62.487639025540005,-67.60393450234996],[62.48710881689979,-67.60293304477956]]],[[[62.5276598150389,-67.5719688631769],[62.52811226529708,-67.57252686539286],[62.52854699472016,-67.57318779205629],[62.5276598150389,-67.5719688631769]]],[[[62.52805186017092,-67.57161205238214],[62.52788703003341,-67.57188120024243],[62.52790245414578,-67.571568301656],[62.52805186017092,-67.57161205238214]]],[[[62.47923268796395,-67.60559758425265],[62.47853025969782,-67.60554986991654],[62.47829056492767,-67.60546879354031],[62.47865969206791,-67.60539821364846],[62.47923268796395,-67.60559758425265]]],[[[62.47829383132543,-67.60349442009532],[62.4806658216689,-67.60345495280976],[62.480890201264714,-67.60434229381764],[62.47863077461908,-67.60436387534484],[62.47921474806762,-67.60518968588705],[62.476946594596455,-67.60487143243296],[62.47829383132543,-67.60349442009532]]],[[[62.48200341869841,-67.60079362670331],[62.481684951927726,-67.60145846258581],[62.479165694662136,-67.60049534743223],[62.48018943167127,-67.59987865344787],[62.48200341869841,-67.60079362670331]]],[[[62.4794890913347,-67.59960613229396],[62.48018702064501,-67.59921204999094],[62.48147417538025,-67.59963296142065],[62.4794890913347,-67.59960613229396]]],[[[62.48863325413522,-67.58898288911011],[62.488938548050086,-67.58919179174849],[62.488486363208,-67.58920293049668],[62.48863325413522,-67.58898288911011]]],[[[62.48874613895095,-67.58827703278276],[62.48909995162105,-67.58768031350267],[62.48969083469322,-67.58755703829222],[62.48874613895095,-67.58827703278276]]],[[[62.49531262250289,-67.57428130472816],[62.49540901493767,-67.57412707818918],[62.495513867789036,-67.57419899716439],[62.49531262250289,-67.57428130472816]]],[[[62.4738658552167,-67.58974550937741],[62.473576893628184,-67.59003688016423],[62.47370407877978,-67.58971905488534],[62.4738658552167,-67.58974550937741]]],[[[62.49382497453455,-67.57497131040365],[62.4940292724495,-67.57531591091036],[62.49355566544582,-67.57531109152177],[62.49382497453455,-67.57497131040365]]],[[[62.47459243607787,-67.58897480265024],[62.47462301310577,-67.5890506842513],[62.474500329367835,-67.58902026774133],[62.47459243607787,-67.58897480265024]]],[[[62.47378477968398,-67.58955288648994],[62.474374912641565,-67.58906578623771],[62.47458922331776,-67.589100433135],[62.47378477968398,-67.58955288648994]]],[[[62.47539778995369,-67.58824420566401],[62.475383386513364,-67.58833866967431],[62.47530766434571,-67.58828961712678],[62.47539778995369,-67.58824420566401]]],[[[62.475408555455815,-67.58787363220884],[62.475954988386384,-67.58766606832671],[62.476071675884796,-67.58786913404452],[62.475408555455815,-67.58787363220884]]],[[[62.475649372561314,-67.58746980399721],[62.47642484585626,-67.58727862690897],[62.47657950172508,-67.58735820333638],[62.475649372561314,-67.58746980399721]]],[[[62.47571877590715,-67.5870909839608],[62.476912642421944,-67.58672207053465],[62.47713611007211,-67.58683902601466],[62.47571877590715,-67.5870909839608]]],[[[62.47862659905949,-67.58466099754271],[62.478583756096164,-67.58473039984447],[62.478523296439306,-67.58471449546056],[62.47862659905949,-67.58466099754271]]],[[[62.47676826893437,-67.58561559826809],[62.47788962901128,-67.58521567932428],[62.47881402737295,-67.58520700428194],[62.47772217463586,-67.58618897005995],[62.47676826893437,-67.58561559826809]]],[[[62.490840789334484,-67.57132153846628],[62.49209773943846,-67.57129706515465],[62.49221956798777,-67.57255685385364],[62.494126038986245,-67.57191381279169],[62.49289864961379,-67.57390939284157],[62.49324196504231,-67.5745896519873],[62.49477293425193,-67.57313086765838],[62.4963178295401,-67.57276109784821],[62.492879049851155,-67.57554050424577],[62.493278914851864,-67.57605400492339],[62.49242022417533,-67.57627645613806],[62.4930501459338,-67.57642265051442],[62.489829584991625,-67.57645204986811],[62.48914070450901,-67.57538193935132],[62.4874895109919,-67.57595498894841],[62.4880946373274,-67.57403223895692],[62.490840789334484,-67.57132153846628]]],[[[62.48725302985702,-67.567497136067],[62.48768486460212,-67.5675692157837],[62.48738680016095,-67.56778299153073],[62.48725302985702,-67.567497136067]]],[[[62.485874465499585,-67.56552378012613],[62.48618179444627,-67.56538015642603],[62.486791311229986,-67.56549941458798],[62.485874465499585,-67.56552378012613]]],[[[62.48632456055242,-67.56394466632862],[62.48720858268102,-67.56471446286751],[62.4861172126122,-67.56469314976907],[62.48632456055242,-67.56394466632862]]]]}},{"type":"Feature","properties":{"ASPA_No":103,"NAME":"Ardery Island, Budd Coast, Wilkes Land, East Antarctica","Propon":"Australia","DesigInstr":"Rec. IV-3","Area_km":0.5598,"PrimProtDe":"C","BiodivDesi":1,"EnvDomain":"L","Marine":0,"ACBR":"7"},"geometry":{"type":"Polygon","coordinates":[[[110.43865367037522,-66.3688518925511],[110.45572827828396,-66.36789868570575],[110.46207798652739,-66.36943690564691],[110.465182462994,-66.37168596182617],[110.46402362364235,-66.37255220967633],[110.45723353768824,-66.37324194195007],[110.45437417610992,-66.37465393267745],[110.4496309055445,-66.37476734238355],[110.44840340662557,-66.37414846009547],[110.44855826916876,-66.37320700579205],[110.4428610238353,-66.36997047910842],[110.43865367037522,-66.3688518925511]]]}},{"type":"Feature","properties":{"ASPA_No":103,"NAME":"Odbert Island, Budd Coast, Wilkes Land, East Antarctica","Propon":"Australia","DesigInstr":"Rec. IV-3","Area_km":1.9538,"PrimProtDe":"C","BiodivDesi":1,"EnvDomain":"L","Marine":0,"ACBR":"7"},"geometry":{"type":"Polygon","coordinates":[[[110.5113099262923,-66.3728377258353],[110.51300574779499,-66.37186963783292],[110.51285335372812,-66.37050551135842],[110.51359539388532,-66.370288029676],[110.52122141038623,-66.36960290444455],[110.52759474003209,-66.37012026419073],[110.53490489006447,-66.36896251509316],[110.53997872795723,-66.36902691641626],[110.56118929202289,-66.37120809974037],[110.56425617820989,-66.37089068610715],[110.5681603407124,-66.37223406493031],[110.56727818225741,-66.37346966253739],[110.56946282277,-66.37386148040208],[110.57206765856287,-66.37584234574652],[110.56808749737412,-66.37776469121836],[110.56525119468978,-66.37817845998661],[110.54503384964826,-66.37629061286712],[110.54002890241196,-66.37665720779735],[110.5379310110305,-66.3776378523728],[110.5331138767318,-66.37630470932292],[110.51885033885844,-66.37607742379316],[110.5113099262923,-66.3728377258353]]]}},{"type":"Feature","properties":{"ASPA_No":104,"NAME":"Sabrina Island, Balleny Islands","Propon":"New Zealand","DesigInstr":"Rec. IV-4","Area_km":0.3358,"PrimProtDe":"B","BiodivDesi":1,"EnvDomain":"NotSpecified","Marine":0,"ACBR":"NA"},"geometry":{"type":"Polygon","coordinates":[[[163.30867195736099,-66.8956109597249],[163.3169446103765,-66.89834942132617],[163.31501979282163,-66.90309265073908],[163.3097794605848,-66.90317782439658],[163.3055876189087,-66.90032849930142],[163.30541682676835,-66.89780488719278],[163.30686551895133,-66.8960171082162],[163.30867195736099,-66.8956109597249]]]}},{"type":"Feature","properties":{"ASPA_No":104,"NAME":"The Monolith, Balleny Islands","Propon":"New Zealand","DesigInstr":"Rec. IV-4","Area_km":0.0517,"PrimProtDe":"B","BiodivDesi":1,"EnvDomain":"NotSpecified","Marine":0,"ACBR":"NA"},"geometry":{"type":"Polygon","coordinates":[[[163.31468522705373,-66.90879915768537],[163.31392380779866,-66.90991971944446],[163.3127313541444,-66.91011195672519],[163.30936954924206,-66.90933751699212],[163.31200957848029,-66.90735723728586],[163.31428913809114,-66.90764400453358],[163.31468522705373,-66.90879915768537]]]}},{"type":"Feature","properties":{"ASPA_No":104,"NAME":"Chinstrap Islet, Balleny Islands","Propon":"New Zealand","DesigInstr":"Rec. IV-4","Area_km":0.0328,"PrimProtDe":"B","BiodivDesi":1,"EnvDomain":"NotSpecified","Marine":0,"ACBR":"NA"},"geometry":{"type":"Polygon","coordinates":[[[163.31092128690256,-66.892447281066],[163.30896645071684,-66.89378887266216],[163.3073404110376,-66.89306154030358],[163.309403141464,-66.8910597968341],[163.3111379449887,-66.89110711083538],[163.31092128690256,-66.892447281066]]]}},{"type":"Feature","properties":{"ASPA_No":105,"NAME":"Beaufort Island, McMurdo Sound, Ross Sea","Propon":"New Zealand","DesigInstr":"Rec. IV-5","Area_km":13.7636,"PrimProtDe":"C","BiodivDesi":1,"EnvDomain":"S","Marine":0,"ACBR":"9"},"geometry":{"type":"Polygon","coordinates":[[[166.99961841502653,-76.9447925870769],[167.00128356433473,-76.94530434074984],[167.0007198505152,-76.94552522695078],[167.00115725379996,-76.94603278253727],[167.0053622299833,-76.94837062843244],[167.0056687293001,-76.94931350909822],[167.0043887631013,-76.95013212065741],[167.00587341963106,-76.95255817859369],[167.00400082998917,-76.95423542337124],[167.00423167764626,-76.95500557586661],[167.00219968333644,-76.95592245330077],[167.00149923527295,-76.95704227852023],[167.0021131386448,-76.95750167999257],[166.99764720681583,-76.95927211463341],[166.99739895440754,-76.96027267179679],[166.97827026597457,-76.96768975590653],[166.96480220464622,-76.97097580144124],[166.93979251645302,-76.9742019019746],[166.90698997616255,-76.97367262950539],[166.9034610093642,-76.97235106705251],[166.89788091460096,-76.96779656368297],[166.89651705711003,-76.96540939821607],[166.89599098926362,-76.96193437551949],[166.90025092857158,-76.95158021598867],[166.89982487602234,-76.94875110718846],[166.8970597384344,-76.94432813843335],[166.8876404568622,-76.93836091544026],[166.86357364016848,-76.93128611198027],[166.85985092991842,-76.92951649394293],[166.86732937977817,-76.92849748269353],[166.87839129311766,-76.92877122321686],[166.8802778000002,-76.925],[166.99999999999977,-76.925],[166.99961841502653,-76.9447925870769]]]}},{"type":"Feature","properties":{"ASPA_No":106,"NAME":"Cape Hallett, Northern Victoria Land, Ross Sea","Propon":"United States","DesigInstr":"Rec. IV-7","Area_km":0.5289,"PrimProtDe":"C","BiodivDesi":1,"EnvDomain":"U","Marine":0,"ACBR":"8"},"geometry":{"type":"Polygon","coordinates":[[[170.24013748388555,-72.32131116518002],[170.2322009776222,-72.32402848292939],[170.2242836047703,-72.3245276550367],[170.2236372863815,-72.3241598104823],[170.22507908121423,-72.32111458717696],[170.22901782767502,-72.31898356304039],[170.22095903132947,-72.31864394226028],[170.21717354283268,-72.32062083339922],[170.214262008254,-72.3210659025004],[170.21585655067844,-72.32126808201161],[170.21508330000012,-72.32197222000003],[170.21025604868055,-72.32185836882395],[170.20572769277234,-72.31952790152732],[170.20830514835802,-72.31840462199821],[170.2076493681168,-72.31803584300263],[170.2144851677972,-72.31704711893748],[170.24328302577948,-72.31853987592079],[170.24013748388555,-72.32131116518002]]]}},{"type":"Feature","properties":{"ASPA_No":107,"NAME":"Emperor Island, Dion Islands, Marguerite Bay, Antarctic Peninsula","Propon":"United Kingdom","DesigInstr":"Rec. IV-8","Area_km":4.7686,"PrimProtDe":"C","BiodivDesi":1,"EnvDomain":"B","Marine":0,"ACBR":"3"},"geometry":{"type":"Polygon","coordinates":[[[-68.73707672001372,-67.8626180452343],[-68.73620689016084,-67.86080521373012],[-68.73362593684232,-67.85855331126167],[-68.72622734358661,-67.85544065418425],[-68.71409394184148,-67.85333090657579],[-68.70438877115275,-67.85314606978122],[-68.69523394779392,-67.85437622955293],[-68.68803818760051,-67.85673263905159],[-68.6799529488046,-67.8611287420237],[-68.67795186917117,-67.86346327496811],[-68.67754378444819,-67.86529900224197],[-68.67848665567946,-67.86772641863521],[-68.68027411967624,-67.86944106831913],[-68.68630661332816,-67.872316868521],[-68.69605109837084,-67.87432296353437],[-68.70733235756285,-67.87467771835955],[-68.72061118692501,-67.87311391218354],[-68.72861424701536,-67.87103041159229],[-68.73540582491701,-67.86683911394096],[-68.73675198882178,-67.86506818455568],[-68.73707672001372,-67.8626180452343]]]}},{"type":"Feature","properties":{"ASPA_No":108,"NAME":"Green Island, Berthelot Islands, Antarctic Peninsula","Propon":"United Kingdom","DesigInstr":"Rec. IV-9","Area_km":0.1809,"PrimProtDe":"C","BiodivDesi":1,"EnvDomain":"B","Marine":0,"ACBR":"3"},"geometry":{"type":"Polygon","coordinates":[[[-64.1441134844676,-65.32313418287089],[-64.14832339099738,-65.32530039018037],[-64.1534127919093,-65.32583939737113],[-64.1544370421687,-65.3249082724446],[-64.15363074163965,-65.3245615673463],[-64.15382576492108,-65.32369442643312],[-64.15495790071316,-65.32297539017837],[-64.1536747370403,-65.32195942162106],[-64.14797299620611,-65.32105991229604],[-64.1441134844676,-65.32313418287089]]]}},{"type":"Feature","properties":{"ASPA_No":109,"NAME":"Moe Island, South Orkney Islands","Propon":"United Kingdom","DesigInstr":"Rec. IV-13","Area_km":1.3511,"PrimProtDe":"B","BiodivDesi":1,"EnvDomain":"G","Marine":0,"ACBR":"2"},"geometry":{"type":"MultiPolygon","coordinates":[[[[-45.699662170070866,-60.74119270359365],[-45.69989666271543,-60.74121420776404],[-45.69977262366935,-60.741118743163426],[-45.699662170070866,-60.74119270359365]]],[[[-45.70142579293095,-60.740116243891336],[-45.701682606300714,-60.740157462571005],[-45.70182115811314,-60.740084859092136],[-45.70142579293095,-60.740116243891336]]],[[[-45.69931988239231,-60.741101597250946],[-45.69941957096077,-60.74097119943011],[-45.69918253272492,-60.74097261579344],[-45.69931988239231,-60.741101597250946]]],[[[-45.69966439211208,-60.73615489381409],[-45.69994161831711,-60.73601580133882],[-45.69953022152826,-60.73602742374762],[-45.69966439211208,-60.73615489381409]]],[[[-45.6997061543711,-60.73632872796158],[-45.69918776896652,-60.73592715815834],[-45.69866346542524,-60.7360387103201],[-45.69909494638925,-60.73633238113311],[-45.6997061543711,-60.73632872796158]]],[[[-45.69801038890866,-60.73623959731255],[-45.698805999874075,-60.73650208280079],[-45.69918161704976,-60.736431121692014],[-45.69801038890866,-60.73623959731255]]],[[[-45.68235469966253,-60.7421775465855],[-45.682960691378554,-60.74221066201604],[-45.683023849293974,-60.74211408704089],[-45.68235469966253,-60.7421775465855]]],[[[-45.681884164425014,-60.74274020902082],[-45.68280849559082,-60.742494061140924],[-45.68162836063423,-60.742455127518184],[-45.681884164425014,-60.74274020902082]]],[[[-45.68001801632332,-60.74139859086156],[-45.67999604480107,-60.741264335545516],[-45.67981536662374,-60.74127454766069],[-45.68001801632332,-60.74139859086156]]],[[[-45.67992673395876,-60.74110744917329],[-45.67997441618042,-60.741015547497916],[-45.67975653431139,-60.74103513813427],[-45.67992673395876,-60.74110744917329]]],[[[-45.67950314831875,-60.74113434254138],[-45.67967112788876,-60.74111504219092],[-45.6795115803929,-60.741096116642105],[-45.67950314831875,-60.74113434254138]]],[[[-45.67979040899583,-60.740888342010805],[-45.67986447599446,-60.740984117591225],[-45.67990254233805,-60.740881582320974],[-45.67979040899583,-60.740888342010805]]],[[[-45.69171295451121,-60.73356496970286],[-45.69198569845672,-60.733622911197614],[-45.691894098577606,-60.73344937139015],[-45.69171295451121,-60.73356496970286]]],[[[-45.68929713409527,-60.733608240124425],[-45.689331537332734,-60.73386610572633],[-45.689387288671014,-60.73385050694068],[-45.68929713409527,-60.733608240124425]]],[[[-45.69037005704215,-60.73120601599098],[-45.69103298863795,-60.73102802271353],[-45.69046471707123,-60.730871041437425],[-45.69037005704215,-60.73120601599098]]],[[[-45.67515866162261,-60.738447414281005],[-45.67520988874022,-60.73863189286197],[-45.67530124357881,-60.73853974216489],[-45.67515866162261,-60.738447414281005]]],[[[-45.69034353583079,-60.73088855367459],[-45.69010718319388,-60.73091438024918],[-45.690177352522056,-60.73097810086767],[-45.69034353583079,-60.73088855367459]]],[[[-45.67438369223291,-60.73838774638927],[-45.67449251254684,-60.738243575844514],[-45.67424595670586,-60.73823736138616],[-45.67438369223291,-60.73838774638927]]],[[[-45.68961044377095,-60.73062259603154],[-45.68864531891606,-60.731320017477444],[-45.69021739561149,-60.731084755576134],[-45.68961044377095,-60.73062259603154]]],[[[-45.67404445607093,-60.73815911525527],[-45.67376267930003,-60.738114926254454],[-45.67378461852268,-60.73824918088019],[-45.67404445607093,-60.73815911525527]]],[[[-45.69248653373513,-60.72864493404677],[-45.69221590615282,-60.729176404572904],[-45.69276322726375,-60.728864710723826],[-45.69248653373513,-60.72864493404677]]],[[[-45.69168199036779,-60.72889401339495],[-45.69145938937531,-60.72859145660644],[-45.691108425800884,-60.72877371620786],[-45.69168199036779,-60.72889401339495]]],[[[-45.68756157123822,-60.728324300716665],[-45.68730526858388,-60.728935078310805],[-45.68800078488649,-60.728561456773974],[-45.68756157123822,-60.728324300716665]]],[[[-45.683116398224186,-60.728751941196776],[-45.683205464359744,-60.72856818166863],[-45.68303927201536,-60.728657717808375],[-45.683116398224186,-60.728751941196776]]],[[[-45.682713004884604,-60.728703905135205],[-45.68292882336776,-60.728731658390195],[-45.682983453137666,-60.72867025965659],[-45.682713004884604,-60.728703905135205]]],[[[-45.68229354458007,-60.72889264573393],[-45.68250706151051,-60.72882573944278],[-45.68223549747713,-60.72881358045625],[-45.68229354458007,-60.72889264573393]]],[[[-45.67227583223367,-60.732818549126236],[-45.67032078217079,-60.734524763629665],[-45.672236752543135,-60.73587283350545],[-45.67142506161385,-60.73623024027063],[-45.67165796275173,-60.73696952044344],[-45.67302564591485,-60.736385966021764],[-45.67263546058065,-60.73741285821524],[-45.67393783943769,-60.7370969007679],[-45.67486195816807,-60.73752373025481],[-45.67419642403087,-60.73799331782773],[-45.67784092168975,-60.73947336521282],[-45.683624217898924,-60.739868831068954],[-45.682262899321174,-60.74071208422898],[-45.68309431322666,-60.74078053404357],[-45.68316238468086,-60.74203845129433],[-45.685461213012765,-60.743049686915725],[-45.68822030410605,-60.74272349574562],[-45.687663787249456,-60.74229154632939],[-45.690306884427585,-60.741312395725046],[-45.689599309927715,-60.740572879256945],[-45.69114288298559,-60.7401728421427],[-45.69875995779905,-60.74154016097303],[-45.69860979302368,-60.74052096583676],[-45.700593883669896,-60.74040373660331],[-45.70243376700317,-60.73913745139176],[-45.70187343470084,-60.738558999833586],[-45.69796440848399,-60.73928025014469],[-45.69525975921725,-60.73851296398907],[-45.69123138013708,-60.73920721006838],[-45.688624522415445,-60.738730863421516],[-45.68878424630664,-60.73812215252622],[-45.68733035144917,-60.73759623056749],[-45.69264504532005,-60.73670821564944],[-45.69785608989898,-60.73417442725882],[-45.69472828957809,-60.73317450942043],[-45.691821565297175,-60.73430188468379],[-45.690811328195906,-60.73329695812888],[-45.689424386903035,-60.73447179124604],[-45.687715118997886,-60.734080239806254],[-45.68512088288296,-60.7324386346781],[-45.688310229443836,-60.731515920272756],[-45.687811734817934,-60.730770615351055],[-45.68680394442625,-60.73100100641506],[-45.687275480096034,-60.730010262676885],[-45.68579590473044,-60.72892561203873],[-45.67227583223367,-60.732818549126236]]],[[[-45.672971947780624,-60.732197632143865],[-45.67259998806478,-60.732291391959514],[-45.67256498807511,-60.73239237624973],[-45.672971947780624,-60.732197632143865]]],[[[-45.67086125178323,-60.73234718488382],[-45.67114979979314,-60.73228597643876],[-45.67107321534868,-60.73221311897806],[-45.67086125178323,-60.73234718488382]]],[[[-45.67204061782614,-60.731851772008525],[-45.67126668451979,-60.73287015369543],[-45.67246537338964,-60.73213946416506],[-45.67204061782614,-60.731851772008525]]],[[[-45.67475399507322,-60.73083138217627],[-45.67309986436102,-60.73090046364025],[-45.672637349995796,-60.73189873433747],[-45.67475399507322,-60.73083138217627]]],[[[-45.67181660680679,-60.73135219877305],[-45.67213858895959,-60.73138547069949],[-45.67218261360404,-60.731270692053585],[-45.67181660680679,-60.73135219877305]]],[[[-45.673100902971825,-60.73055382733012],[-45.67341018646443,-60.73057800662396],[-45.67337028127456,-60.730474399992566],[-45.673100902971825,-60.73055382733012]]],[[[-45.67226956428461,-60.73099533096514],[-45.67251297481385,-60.731003094108324],[-45.67238848864091,-60.73088317604267],[-45.67226956428461,-60.73099533096514]]],[[[-45.671839805010976,-60.73114897336675],[-45.67209312792073,-60.73104978990834],[-45.67168663914282,-60.7310032600506],[-45.671839805010976,-60.73114897336675]]]]}},{"type":"Feature","properties":{"ASPA_No":110,"NAME":"Lynch Island, South Orkney Islands","Propon":"United Kingdom","DesigInstr":"Rec. IV-14","Area_km":0.1317,"PrimProtDe":"B","BiodivDesi":1,"EnvDomain":"G","Marine":0,"ACBR":"2"},"geometry":{"type":"Polygon","coordinates":[[[-45.60451312135801,-60.65419613291784],[-45.60984709765314,-60.65299936532078],[-45.61106173696694,-60.65146146146901],[-45.60207488720104,-60.65142937362108],[-45.6026048163367,-60.65347796597227],[-45.60451312135801,-60.65419613291784]]]}},{"type":"Feature","properties":{"ASPA_No":111,"NAME":"Southern Powell Island and adjacent islands, South Orkney Islands","Propon":"United Kingdom","DesigInstr":"Rec. IV-15","Area_km":5.7431,"PrimProtDe":"C","BiodivDesi":1,"EnvDomain":"A","Marine":0,"ACBR":"2"},"geometry":{"type":"MultiPolygon","coordinates":[[[[-45.01503422313218,-60.7501801927507],[-45.01441037496515,-60.7506990427763],[-45.015044372242365,-60.75063108634048],[-45.01503422313218,-60.7501801927507]]],[[[-45.01416115548598,-60.74763009255735],[-45.01300323074891,-60.749874990823045],[-45.01555925457575,-60.75014618557816],[-45.016726981934795,-60.748051554215486],[-45.01416115548598,-60.74763009255735]]],[[[-45.035674624789756,-60.7376789770542],[-45.03538683167909,-60.73717971405763],[-45.03467352824007,-60.73688904429507],[-45.03485230539055,-60.73732531594663],[-45.035674624789756,-60.7376789770542]]],[[[-45.012843287918244,-60.74733732741335],[-45.01263833787787,-60.74681696902061],[-45.01152226700385,-60.74666517193334],[-45.01191876451557,-60.74733096043695],[-45.012843287918244,-60.74733732741335]]],[[[-45.03166692574946,-60.73460464160251],[-45.03181868072303,-60.7341555716106],[-45.0313038860309,-60.734204190297405],[-45.03166692574946,-60.73460464160251]]],[[[-45.032996144420665,-60.733520158478655],[-45.033560166651945,-60.73325335959769],[-45.03285721681042,-60.73324871083246],[-45.032996144420665,-60.733520158478655]]],[[[-45.02180411323578,-60.740042570032244],[-45.02215997876696,-60.739228020649165],[-45.020040476135044,-60.73878237826281],[-45.02066518376517,-60.73993126991273],[-45.02180411323578,-60.740042570032244]]],[[[-45.05556510257649,-60.72012104898825],[-45.05560995054851,-60.71986450450593],[-45.05542448565643,-60.719907009663636],[-45.05556510257649,-60.72012104898825]]],[[[-45.056042310526045,-60.71957141724737],[-45.056623740868616,-60.719597395566396],[-45.05676348302916,-60.71937514231808],[-45.056042310526045,-60.71957141724737]]],[[[-45.05670522649222,-60.719112587979595],[-45.05686161342172,-60.7189670815782],[-45.056593684932864,-60.71900558912637],[-45.05670522649222,-60.719112587979595]]],[[[-45.057240226438815,-60.71861544161785],[-45.05733169439473,-60.71898705134268],[-45.05754141619207,-60.71871426658607],[-45.057240226438815,-60.71861544161785]]],[[[-45.059993562109604,-60.7143360391906],[-45.06057864925553,-60.71419435002366],[-45.059902377016265,-60.71410582639641],[-45.059993562109604,-60.7143360391906]]],[[[-45.0340303504317,-60.726456569273815],[-45.035011556112686,-60.72742104202454],[-45.03398233627199,-60.7276766232633],[-45.03493423751403,-60.72892390279394],[-45.03386465128999,-60.73125606001788],[-45.035687533415135,-60.732338183930786],[-45.04131381869908,-60.732024489827836],[-45.041963447469215,-60.73059815822849],[-45.040964634474754,-60.73019047967961],[-45.04117088991427,-60.7290770068827],[-45.043024463226246,-60.72856242297189],[-45.04064784782764,-60.727965368745274],[-45.042148465552835,-60.72750429139834],[-45.040056622849555,-60.725179727585044],[-45.03607806884508,-60.72545249998855],[-45.0340303504317,-60.726456569273815]]],[[[-45.04309664218441,-60.7218481897826],[-45.0437061642671,-60.7213551107771],[-45.04273312778297,-60.72142818690276],[-45.04309664218441,-60.7218481897826]]],[[[-45.0597912095966,-60.712235538251704],[-45.060306822828764,-60.71239483760848],[-45.06065230998062,-60.71203513409152],[-45.06046251732499,-60.71195444030923],[-45.0597912095966,-60.712235538251704]]],[[[-45.01272532645603,-60.73050840045874],[-45.012738375879984,-60.73017874115612],[-45.012223614079524,-60.730211115591565],[-45.01272532645603,-60.73050840045874]]],[[[-45.02188152457238,-60.72502573690161],[-45.02314839988633,-60.72498671076915],[-45.0227124782214,-60.72446323459934],[-45.02188152457238,-60.72502573690161]]],[[[-45.01589092937289,-60.72647458453337],[-45.01528442883709,-60.727560581134234],[-45.01309416530662,-60.728905321710265],[-45.01614274322133,-60.72831673164332],[-45.01589092937289,-60.72647458453337]]],[[[-45.01871379932295,-60.724341132555374],[-45.017447220250325,-60.72481964325414],[-45.01735496678282,-60.72502003190583],[-45.01871379932295,-60.724341132555374]]],[[[-45.01961041290811,-60.72334674088033],[-45.01984782803321,-60.72318187733045],[-45.01956087058115,-60.723264337712536],[-45.01961041290811,-60.72334674088033]]],[[[-44.97409420924945,-60.727674343763866],[-44.972377794775596,-60.72833326013417],[-44.971400300582296,-60.729121613062546],[-44.972547850565434,-60.729891087528024],[-44.974779132246724,-60.729212884127804],[-44.97409420924945,-60.727674343763866]]],[[[-44.97644423701549,-60.72678283708671],[-44.97701207475465,-60.72637573185716],[-44.977210494849906,-60.725813423418565],[-44.976049130770406,-60.72581319201928],[-44.97644423701549,-60.72678283708671]]],[[[-45.005039568488314,-60.71064749661008],[-45.00320943443043,-60.71070088376518],[-45.003872311022526,-60.711190460188945],[-45.00307103815066,-60.71162191211684],[-45.0051488783673,-60.713328169682406],[-45.01429053751602,-60.713288629538674],[-45.01615130390373,-60.71463600973784],[-45.01515269306133,-60.715911059572356],[-45.01805199653371,-60.71624513245939],[-45.01863679994392,-60.71778173799855],[-45.01821188264246,-60.718668925678905],[-45.01685620666922,-60.718673976266615],[-45.01686655301519,-60.71942536363231],[-45.02042081245395,-60.721746846637345],[-45.019129214124106,-60.723043884363456],[-45.02172742936818,-60.72209564779137],[-45.02456889986838,-60.72337973908213],[-45.02464915951137,-60.72461105719401],[-45.022720157735456,-60.72587672435754],[-45.02395679555942,-60.727043837230845],[-45.0212710288031,-60.72777678588234],[-45.01794671953357,-60.73035641689515],[-45.02119477821485,-60.73294379313087],[-45.02119824828034,-60.737536479476724],[-45.022948081050686,-60.738095293445596],[-45.025343446512736,-60.73698944025323],[-45.02433284874068,-60.736298000225354],[-45.02611737100301,-60.735135705368776],[-45.02484586191979,-60.73418092540935],[-45.025591182956205,-60.73288384149354],[-45.02500649618143,-60.73225858097326],[-45.02642229371637,-60.73232129277897],[-45.02541063863231,-60.73030477759961],[-45.02670735074654,-60.73083057715893],[-45.02741934692138,-60.730025659300665],[-45.026501125568345,-60.72910477032305],[-45.02373444859358,-60.72900727570494],[-45.025663938334084,-60.72667584773727],[-45.02504467078266,-60.72597708724671],[-45.029450381719705,-60.72548896847306],[-45.03021031433325,-60.72578454705803],[-45.028053300153196,-60.72653164851605],[-45.03140019850986,-60.72768458466173],[-45.03308226078146,-60.72708298789503],[-45.030296741803845,-60.7233266959977],[-45.02861397627658,-60.723075036168616],[-45.02900887560971,-60.72212478074331],[-45.03009182645054,-60.7214385532446],[-45.03486686013043,-60.72143480392078],[-45.035869801216435,-60.72409591522268],[-45.038364393947695,-60.72442477280533],[-45.041084425229286,-60.723207057873815],[-45.0400843699181,-60.72289230101663],[-45.04146968733162,-60.72271729879018],[-45.04005297084491,-60.72169492022888],[-45.04258593992814,-60.72133529400722],[-45.03942604933675,-60.719247043842586],[-45.0399003528727,-60.718762116366285],[-45.04734137952599,-60.71852665318263],[-45.04974423781517,-60.717551278052234],[-45.051358030744964,-60.71804019258366],[-45.0517224498818,-60.71711413302996],[-45.054570717264426,-60.71635660925701],[-45.05643229951885,-60.7183542345681],[-45.058769683688475,-60.71809002744307],[-45.05944073980575,-60.717230039777085],[-45.05859351037659,-60.71586020655482],[-45.05916471042334,-60.714225371563366],[-45.057892152120715,-60.71284849471447],[-45.05632352021427,-60.71348804369089],[-45.05618789366659,-60.7119666711641],[-45.05725359247464,-60.71101887036238],[-45.06043040589854,-60.711179766385435],[-45.058806747404105,-60.70970140856403],[-45.00421720970325,-60.70954228777259],[-45.005039568488314,-60.71064749661008]]],[[[-44.978220436768815,-60.72111613218771],[-44.978824335731304,-60.72082053299501],[-44.97820093029451,-60.720747702705104],[-44.978220436768815,-60.72111613218771]]],[[[-44.98021061216138,-60.71967995143487],[-44.97966907434483,-60.72046195228207],[-44.98065907156485,-60.71989978817475],[-44.98021061216138,-60.71967995143487]]],[[[-44.97736953097828,-60.720892976355024],[-44.977398794804415,-60.721421382810796],[-44.97777530541524,-60.72085911995986],[-44.97736953097828,-60.720892976355024]]],[[[-44.982750312551715,-60.71602886532367],[-44.98396700131895,-60.716625295038114],[-44.982442954130796,-60.717032275648236],[-44.98398639808473,-60.71731366035885],[-44.982175148495166,-60.71804539152355],[-44.98361559486127,-60.718281117854495],[-44.98218054628102,-60.71863478659321],[-44.98273418651643,-60.719458973692234],[-44.980675135182224,-60.72052514373133],[-44.980080755119324,-60.72138793601074],[-44.98083190361587,-60.722822991308036],[-44.979792554406124,-60.72306035671308],[-44.98002951669138,-60.72385543034204],[-44.978614096476846,-60.723995765606034],[-44.97935574430676,-60.72488304325142],[-44.97676064705452,-60.727190118676724],[-44.9871433082009,-60.730828036536536],[-44.98800038346698,-60.73294183043091],[-44.986858913382136,-60.733873192252126],[-44.988373468763314,-60.734512987040254],[-44.98626726881333,-60.73568597786562],[-44.98671594585515,-60.73608680006855],[-44.985976243648224,-60.73684947237823],[-44.98419370368441,-60.73720476940822],[-44.98427901963171,-60.738100056852296],[-44.98606108542387,-60.73881133497039],[-44.98608193855047,-60.73961080294898],[-44.98510394125508,-60.73974381581448],[-44.98606685755312,-60.74048231781872],[-44.984660485996415,-60.740705155448495],[-44.98525446339437,-60.741118939602664],[-44.984620297648554,-60.74175234879064],[-44.98277163000483,-60.74173916329117],[-44.983226777071216,-60.74244059676782],[-44.981786770487496,-60.74343587464733],[-44.98327873513023,-60.74388859559756],[-44.98249278935951,-60.74420846144809],[-44.982121205266296,-60.74577400902745],[-44.97661172431523,-60.74850746174147],[-44.97649219920258,-60.749319539057524],[-44.98001962944732,-60.75048728447497],[-44.98144552017137,-60.7490125514622],[-44.98433869409737,-60.74799483125707],[-44.98539012482105,-60.74527994311769],[-44.9867369429014,-60.745794015938266],[-44.98789616239429,-60.7450329690965],[-44.986896003224054,-60.7445528877753],[-44.988233282092025,-60.74417971752227],[-44.98872939058538,-60.74197869169125],[-44.99022561438136,-60.74213110792041],[-44.99119591124284,-60.740383864385024],[-44.99329553973163,-60.73969557097211],[-44.98998897467124,-60.73689314454737],[-44.9909001610239,-60.736243580592486],[-44.990663042917404,-60.73467280359051],[-44.99447065625872,-60.73145991959752],[-44.989781578237334,-60.728588940362265],[-44.9883956845922,-60.72669939198753],[-44.988890797084224,-60.72620496139267],[-44.98761426813953,-60.72545342194251],[-44.98735833181091,-60.72233142880692],[-44.989833698170656,-60.71908370747803],[-44.98837914157594,-60.71884603643919],[-44.98944858741406,-60.7169070795194],[-44.988310726319156,-60.71679547652742],[-44.98793534093199,-60.715360546733855],[-44.98868764396883,-60.71452683763004],[-44.98615442777511,-60.71523431236386],[-44.985996573280076,-60.71432294876629],[-44.98490823428641,-60.714332508494785],[-44.984858213584836,-60.71535534091126],[-44.982800280571645,-60.71521932410994],[-44.982750312551715,-60.71602886532367]]],[[[-44.98580901210191,-60.71348429781334],[-44.9847402345838,-60.71396891910591],[-44.98605615957398,-60.71387697965071],[-44.98580901210191,-60.71348429781334]]]]}},{"type":"Feature","properties":{"ASPA_No":112,"NAME":"Coppermine Peninsula, Robert Island, South Shetland Islands","Propon":"Chile","DesigInstr":"Rec. VI-10","Area_km":0.7087,"PrimProtDe":"B","BiodivDesi":1,"EnvDomain":"G","Marine":0,"ACBR":"3"},"geometry":{"type":"Polygon","coordinates":[[[-59.71522463243823,-62.37831255929322],[-59.71745820908633,-62.376780198910566],[-59.71787272307764,-62.37525828691976],[-59.722321689288925,-62.37314317445103],[-59.72633176456089,-62.37251304787726],[-59.726599682517836,-62.370594004622006],[-59.72583668307709,-62.369896159017365],[-59.7233821846816,-62.36992311765459],[-59.72015263336721,-62.37117012042988],[-59.718205484583585,-62.37025431104503],[-59.714555648378486,-62.37192364949866],[-59.71203426314617,-62.372126203705825],[-59.7076526349585,-62.37475802831582],[-59.70514249710439,-62.37750980019677],[-59.70164811421988,-62.377525601182235],[-59.70173278020671,-62.38007055003414],[-59.708377777097695,-62.38043738898985],[-59.71522463243823,-62.37831255929322]]]}},{"type":"Feature","properties":{"ASPA_No":113,"NAME":"Litchfield Island, Arthur Harbor, Anvers Island, Palmer Archipelago","Propon":"United States","DesigInstr":"Rec. VIII-1","Area_km":0.3761,"PrimProtDe":"C","BiodivDesi":1,"EnvDomain":"E","Marine":0,"ACBR":"3"},"geometry":{"type":"Polygon","coordinates":[[[-64.09030357873564,-64.76830413416056],[-64.08543849594689,-64.76837922010358],[-64.0847353180328,-64.77035672277496],[-64.08579626131524,-64.77079196519166],[-64.08396042995301,-64.77166066571054],[-64.08512144621992,-64.7720449275549],[-64.08437690340718,-64.77248635967067],[-64.08565579806927,-64.77357571462979],[-64.08786911218435,-64.7740420918527],[-64.0892893036311,-64.77318107159974],[-64.08837588383723,-64.77218628784885],[-64.09062662079646,-64.77317173861597],[-64.0941533720427,-64.77329608595147],[-64.09594160115323,-64.7722326950459],[-64.0951610023722,-64.77183246104687],[-64.09825698446107,-64.77219892944689],[-64.09773937473057,-64.77194033693071],[-64.09867658309759,-64.77145254968298],[-64.09863960415282,-64.7705465255989],[-64.09948322695861,-64.77037164531993],[-64.09706096819255,-64.76925550376947],[-64.0987961831148,-64.76919815966832],[-64.09787150299404,-64.76835364935712],[-64.1003865505728,-64.76805322754328],[-64.10237742810403,-64.76683621423143],[-64.09831383240974,-64.76673034888275],[-64.09084416530514,-64.76944371998663],[-64.08962396478235,-64.76934358669928],[-64.09075083913342,-64.76889799181767],[-64.09030357873564,-64.76830413416056]]]}},{"type":"Feature","properties":{"ASPA_No":115,"NAME":"Lagotellerie Island, Marguerite Bay, Graham Land","Propon":"United Kingdom","DesigInstr":"Rec. XIII-11","Area_km":1.6514,"PrimProtDe":"B","BiodivDesi":1,"EnvDomain":"B","Marine":0,"ACBR":"3"},"geometry":{"type":"MultiPolygon","coordinates":[[[[-67.40378315403048,-67.88190838816692],[-67.40399439765412,-67.88198719757143],[-67.40410062351135,-67.88187644637914],[-67.40378315403048,-67.88190838816692]]],[[[-67.38051772521281,-67.89040166091569],[-67.38053863791103,-67.89102770601033],[-67.38127004086184,-67.89087561289965],[-67.38137731712175,-67.89048128629935],[-67.38051772521281,-67.89040166091569]]],[[[-67.3789497383,-67.88767888413727],[-67.37643204120208,-67.88914603327528],[-67.37881014821197,-67.8907611858152],[-67.38215594735254,-67.88987254623646],[-67.39802113934614,-67.89315987568207],[-67.41868583735963,-67.889292850419],[-67.42385309755292,-67.886891193639],[-67.42254215596044,-67.88551981726029],[-67.42340536118326,-67.88533296566871],[-67.42275191613638,-67.88462004429095],[-67.41327440147506,-67.8817091851849],[-67.40673182504396,-67.8816135993297],[-67.40022136672567,-67.88294597514766],[-67.40008940999377,-67.88237954826944],[-67.39769568904092,-67.88270687804315],[-67.39706432501771,-67.8824870372627],[-67.39785569608283,-67.8819762226314],[-67.3956805409412,-67.8817767766406],[-67.39021594779933,-67.88290749525284],[-67.38863056126416,-67.88461335034359],[-67.38472527152132,-67.88448844165603],[-67.38542509250492,-67.88508686190652],[-67.38289509176799,-67.88643962743646],[-67.37861549358973,-67.88687620432336],[-67.3789497383,-67.88767888413727]]],[[[-67.37368702703799,-67.88993999906097],[-67.37304501037232,-67.890574995261],[-67.37433409842485,-67.89018588065815],[-67.37368702703799,-67.88993999906097]]],[[[-67.3797785948636,-67.88272839292398],[-67.38004995707924,-67.88284073295449],[-67.38001563644107,-67.88269588651427],[-67.3797785948636,-67.88272839292398]]]]}},{"type":"Feature","properties":{"ASPA_No":116,"NAME":"New College Valley, Caughley Beach, Cape Bird, Ross Island","Propon":"New Zealand","DesigInstr":"Rec. XIII-8, Rec. XIII-12","Area_km":0.3269,"PrimProtDe":"C","BiodivDesi":1,"EnvDomain":"S","Marine":0,"ACBR":"9"},"geometry":{"type":"Polygon","coordinates":[[[166.4555827412811,-77.22644902302868],[166.43050645476714,-77.22451681545307],[166.43027280433083,-77.22318597859956],[166.4330832225853,-77.22022362753056],[166.4357832999997,-77.2188],[166.44474370698916,-77.21923731193866],[166.4529939384892,-77.22328226735554],[166.45530501049362,-77.22508198496999],[166.4555827412811,-77.22644902302868]]]}},{"type":"Feature","properties":{"ASPA_No":117,"NAME":"Avian Island, Marguerite Bay, Antarctic Peninsula","Propon":"United Kingdom","DesigInstr":"Rec. XV-6","Area_km":1.256,"PrimProtDe":"C","BiodivDesi":1,"EnvDomain":"B","Marine":0,"ACBR":"3"},"geometry":{"type":"Polygon","coordinates":[[[-68.88669369415437,-67.76585390346528],[-68.88418000419823,-67.76635865092169],[-68.8773270326611,-67.7646602977284],[-68.87600789821431,-67.76477516183343],[-68.87469856950473,-67.76607477367375],[-68.8760818618142,-67.7691233812855],[-68.87615163643038,-67.77141281338837],[-68.87895124372433,-67.77288070650823],[-68.87821612288424,-67.77440217685799],[-68.88284173523878,-67.77638659054725],[-68.88335992746507,-67.77832315990261],[-68.88496405017013,-67.77907116834949],[-68.89070400287137,-67.78038399243057],[-68.89417908056102,-67.77989998362088],[-68.89533211141192,-67.77795105822584],[-68.89713039738336,-67.77700307106915],[-68.89723891888589,-67.7749860279803],[-68.89579379865583,-67.77427978957327],[-68.89949916529035,-67.7738376597387],[-68.90027970956163,-67.77251080483954],[-68.90325487125646,-67.77130325635612],[-68.89886390905114,-67.76881861036834],[-68.89403973761821,-67.7682179562002],[-68.88669369415437,-67.76585390346528]]]}},{"type":"Feature","properties":{"ASPA_No":119,"NAME":"Davis Valley and Forlidas Pond, Dufek Massif","Propon":"United States","DesigInstr":"Rec. XVI-9","Area_km":53.6795,"PrimProtDe":"C","BiodivDesi":1,"EnvDomain":"R","Marine":0,"ACBR":"10"},"geometry":{"type":"Polygon","coordinates":[[[-50.87255494596177,-82.44873485260638],[-50.86149998865025,-82.45275965932862],[-50.86909302254709,-82.45400107186956],[-50.860714235458424,-82.45440317168206],[-50.85775419528234,-82.4552552035352],[-50.86521816713297,-82.45631250778895],[-50.86114769307746,-82.45762288185274],[-50.87563744555271,-82.45921648619706],[-50.86844811629883,-82.46097916271577],[-50.87508322642688,-82.46242652791832],[-50.86168066914562,-82.46424757483109],[-50.852229738517075,-82.46701763509832],[-50.85653769980613,-82.46826089805977],[-50.85415403793509,-82.46883429220318],[-50.85469463728323,-82.46919333606238],[-50.86993191344737,-82.47150251491514],[-50.87212245164433,-82.47317545825605],[-50.875835024812815,-82.47395395206738],[-50.87631114081969,-82.47560673387028],[-50.879168137828096,-82.47606532104975],[-50.87881504813455,-82.477620506388],[-50.842444825346035,-82.47887849571309],[-50.82663954478624,-82.48244045333414],[-50.81102750360619,-82.48819920356866],[-50.81499460985898,-82.48963646740941],[-50.81604303663113,-82.49225113557202],[-50.819658297278586,-82.49392670432111],[-50.83079199960614,-82.49593298326388],[-50.8395228857434,-82.49654904533656],[-50.84730596786527,-82.49616489952736],[-50.86149427474794,-82.49196697125544],[-50.8935290209279,-82.49352714789707],[-50.89706689262181,-82.49399660233118],[-50.900969312396285,-82.49581872845475],[-50.90392235649548,-82.49823982587547],[-50.911081344131766,-82.49985848206771],[-50.91501938239942,-82.5020048936368],[-50.98063733789351,-82.51004693637094],[-50.976723050934716,-82.51351802594664],[-50.97084148662475,-82.51393139867444],[-50.97026612449389,-82.51485010557394],[-50.972930345729964,-82.51596767205068],[-50.97900204046654,-82.51627177045633],[-50.97745691704944,-82.51729574102144],[-50.99002745885058,-82.52237528446483],[-51.004068292235836,-82.52435200985579],[-51.018561245740486,-82.52525197048632],[-51.02020022530374,-82.5260169588165],[-51.01930817754191,-82.52740913894641],[-51.02029668259602,-82.52893980729623],[-51.02919808733537,-82.52922449194584],[-51.08564286805647,-82.52469953304697],[-51.10338808412639,-82.52552660177815],[-51.141036263051696,-82.52424231522707],[-51.15594619993151,-82.5258547310693],[-51.151988361269595,-82.52671056204186],[-51.15146021448514,-82.52824960413047],[-51.16405663746293,-82.52859721661065],[-51.18033138529555,-82.53132138513384],[-51.16231000358337,-82.53441727314267],[-51.164862837147865,-82.53493340871367],[-51.17184785495799,-82.53541488296902],[-51.17842350719869,-82.53438408845656],[-51.19080015533091,-82.53461804671296],[-51.20405597605464,-82.53697538120348],[-51.21383744931948,-82.53616869325732],[-51.21928833654441,-82.53712658898155],[-51.21825555102575,-82.53787435540193],[-51.21860992981995,-82.53849467294384],[-51.22259183367849,-82.5402711925828],[-51.22225128307996,-82.54105229648782],[-51.22474897232152,-82.54224605561372],[-51.22751594054858,-82.54257345266063],[-51.22720868316282,-82.54359129712451],[-51.24914662112813,-82.54465997687107],[-51.25502579250855,-82.54642302948007],[-51.26532580407119,-82.54689716993904],[-51.26831275969492,-82.54829775798424],[-51.272337232177804,-82.54725530305188],[-51.29208967462544,-82.54874294044906],[-51.313318518733276,-82.5483502762728],[-51.31683398519976,-82.54937881637295],[-51.31733211290079,-82.5502592929696],[-51.31677014631266,-82.55197686463924],[-51.29834563239251,-82.55396874681855],[-51.26472122246776,-82.55319930091937],[-51.287723973013364,-82.55568033935492],[-51.30709357717153,-82.55384173968007],[-51.31805869506978,-82.55371212924358],[-51.32078348836402,-82.55309938909022],[-51.32070412060306,-82.55232142708728],[-51.322385340862986,-82.55130238919958],[-51.32438988276625,-82.55097770860411],[-51.34216615107242,-82.5500196637639],[-51.352366979578,-82.54846981856063],[-51.35281429043432,-82.5469666770241],[-51.350417712176665,-82.54577119704786],[-51.34966431377929,-82.54480665032067],[-51.35079360412059,-82.544241547694],[-51.34994698526502,-82.54382139660963],[-51.3217337369431,-82.54201852782276],[-51.315361950999346,-82.53927429022222],[-51.30227975926222,-82.53669240944606],[-51.29494345210134,-82.53331454511863],[-51.29825968646181,-82.53150553797451],[-51.30914824440178,-82.5287770346949],[-51.32583585872069,-82.52691634058385],[-51.333559555396924,-82.52491735027066],[-51.35837851898519,-82.52454681268007],[-51.3519584494827,-82.52383940234023],[-51.356199675036905,-82.52300018418921],[-51.354260104251225,-82.52158525422344],[-51.351808253600296,-82.52120799212844],[-51.30063902927103,-82.52000512926662],[-51.28401803423062,-82.51874634658024],[-51.277491486198294,-82.5169347156477],[-51.278042991678035,-82.51596798559842],[-51.27748302774799,-82.51520996524621],[-51.269235611599385,-82.51308567299665],[-51.258604781035835,-82.5081287771274],[-51.258877530531926,-82.50691382339946],[-51.26107392630223,-82.50606694318448],[-51.27093922358974,-82.50456904293695],[-51.29534590371065,-82.50221633351768],[-51.31860917285134,-82.50115308875824],[-51.315065940092424,-82.5005761333958],[-51.321336098656346,-82.4983821812089],[-51.30388874431238,-82.49787305673615],[-51.247256467036216,-82.49869788743295],[-51.20941964631083,-82.49642775294518],[-51.198671254638775,-82.49508801054785],[-51.19714270212277,-82.49391762135083],[-51.202543371608186,-82.49243122675853],[-51.2137011733537,-82.49098733210506],[-51.26888925591128,-82.48493139395983],[-51.29383593023245,-82.47966532692412],[-51.2978596279982,-82.47848878406036],[-51.30669936081617,-82.47296567945111],[-51.31236856043002,-82.47064520891657],[-51.32457137423636,-82.46878884072923],[-51.32737134745398,-82.46692351985621],[-51.33691984911535,-82.46573285856203],[-51.35958104071588,-82.46113544965858],[-51.36257392855293,-82.45973320351017],[-51.373878545465544,-82.45800855249789],[-51.396395481534555,-82.45289231113073],[-51.39802600375952,-82.45200978796608],[-51.39982617968105,-82.44921824029281],[-51.40457934082373,-82.4473277409705],[-51.40447480819556,-82.44520691737632],[-51.40537469136621,-82.44321137788512],[-51.405160190253746,-82.4398034406542],[-51.36682133939907,-82.43959466555863],[-51.34520803287085,-82.44051745453054],[-51.32281128366935,-82.44411079763273],[-51.3137541343849,-82.44445942629208],[-51.2783823293609,-82.44500706311285],[-51.250570405611,-82.44362251263782],[-51.21468377206698,-82.44394221503254],[-51.19640163553273,-82.44636345286897],[-51.190927517724404,-82.44915390626814],[-51.190559584010394,-82.45102104668373],[-51.17994367951089,-82.45556228157257],[-51.1204321039797,-82.45340869413248],[-51.0396282006927,-82.4541025188969],[-51.02254060136968,-82.45167125559449],[-51.000631335027165,-82.4505569808056],[-50.9566032410226,-82.45204944665755],[-50.91910049172785,-82.44729657734949],[-50.893788115602945,-82.4459257318735],[-50.869472585774815,-82.44597357933952],[-50.86943302362603,-82.44825617330807],[-50.87255494596177,-82.44873485260638]]]}},{"type":"Feature","properties":{"ASPA_No":120,"NAME":"Pointe-Geologie Archipelago, Terre Adelie","Propon":"France","DesigInstr":"Measure 3","Area_km":0.3797,"PrimProtDe":"B","BiodivDesi":1,"EnvDomain":"L","Marine":0,"ACBR":"13"},"geometry":{"type":"MultiPolygon","coordinates":[[[[140.01871440062482,-66.66202688919597],[140.02594110349605,-66.66053100736208],[140.02776275053927,-66.66104017953023],[140.02232958574646,-66.66319094841734],[140.01871440062482,-66.66202688919597]]],[[[140.0227127183852,-66.66541772223577],[140.02304809301143,-66.66548415246277],[140.0224678477974,-66.66560185382227],[140.0227127183852,-66.66541772223577]]],[[[140.0207662825078,-66.66656859181829],[140.01721883368663,-66.66557183352423],[140.0235901897224,-66.66593919822486],[140.0207662825078,-66.66656859181829]]],[[[140.01177696067137,-66.66675873165812],[140.0131182921879,-66.66676373888362],[140.01162225686983,-66.6668968150103],[140.01177696067137,-66.66675873165812]]],[[[140.0111321584449,-66.66690707811752],[140.01162231566616,-66.66701954547871],[140.01102901719486,-66.66699401956562],[140.0111321584449,-66.66690707811752]]],[[[140.00646369332293,-66.66851306497581],[140.0103583668318,-66.66704520281849],[140.01533777236043,-66.6685840430855],[140.01039828203372,-66.66994982557118],[140.00646369332293,-66.66851306497581]]],[[[140.012017226974,-66.67025729187125],[140.01321596232734,-66.67123070786981],[140.01168782345314,-66.6720929826864],[140.0088011843162,-66.67216821905294],[140.0070787233686,-66.67131814577193],[140.0084942837789,-66.67022220891286],[140.012017226974,-66.67025729187125]]],[[[140.00699393238176,-66.67348874640494],[140.01441097586584,-66.67181603670633],[140.0157658151542,-66.67234262605021],[140.01517282154526,-66.67302793045769],[140.0158438795559,-66.67337560064833],[140.01136785551918,-66.67461352044663],[140.00699393238176,-66.67348874640494]]],[[[140.00099496765372,-66.67237409515299],[140.00099487428545,-66.6700626691482],[140.00505786877375,-66.66895801521414],[140.0067993468157,-66.66959205801611],[140.00708351018616,-66.67094719539685],[140.0055873275273,-66.6716887536075],[140.0063227498321,-66.67217453463704],[140.0023753350429,-66.67271670339024],[140.0032912118569,-66.67227690269245],[140.00099496765372,-66.67237409515299]]]]}},{"type":"Feature","properties":{"ASPA_No":121,"NAME":"Cape Royds, Ross Island","Propon":"United States","DesigInstr":"Rec. VIII-4","Area_km":0.6424,"PrimProtDe":"C","BiodivDesi":1,"EnvDomain":"P","Marine":0,"ACBR":"9"},"geometry":{"type":"Polygon","coordinates":[[[166.16837012643643,-77.5543023064772],[166.1727777999999,-77.55391667000005],[166.185557251863,-77.55750021497992],[166.17376488146857,-77.5600169972016],[166.15791417669806,-77.56004402159797],[166.14306900444353,-77.55750583826642],[166.13737722275542,-77.5547695791876],[166.13611109999982,-77.55327778000002],[166.16094439999986,-77.55302778],[166.16638889999962,-77.55327777999999],[166.16837012643643,-77.5543023064772]]]}},{"type":"Feature","properties":{"ASPA_No":122,"NAME":"Arrival Heights, Hut Point Peninsula, Ross Island","Propon":"United States","DesigInstr":"Rec. VIII-4","Area_km":0.7094,"PrimProtDe":"I","BiodivDesi":0,"EnvDomain":"S","Marine":0,"ACBR":"9"},"geometry":{"type":"Polygon","coordinates":[[[166.67122951322426,-77.83566494174134],[166.65108919405816,-77.83160325597548],[166.65107776894175,-77.83143527223937],[166.6513789385347,-77.8302687393898],[166.65284207003285,-77.82927380933742],[166.65248996560683,-77.82860091222403],[166.6561609831075,-77.82710979462124],[166.65951288545443,-77.8237699510514],[166.66391741276095,-77.822172906329],[166.68245664615782,-77.82183656951399],[166.6849782411639,-77.82242746799866],[166.68317845784307,-77.82313745336552],[166.67122951322426,-77.83566494174134]]]}},{"type":"Feature","properties":{"ASPA_No":123,"NAME":"Barwick and Balham Valleys, Southern Victoria Land","Propon":"United States","DesigInstr":"Rec. VIII-4","Area_km":410.8025,"PrimProtDe":"G","BiodivDesi":1,"EnvDomain":"S","Marine":0,"ACBR":"9"},"geometry":{"type":"Polygon","coordinates":[[[160.65316746522913,-77.44825232698498],[160.6623909683253,-77.44481058757286],[160.66161250418324,-77.4434756264593],[160.6505510260588,-77.44215274840873],[160.64234868015592,-77.43769903943222],[160.6424543070534,-77.43627196410513],[160.63573759021043,-77.43543945683905],[160.63519178228248,-77.43396250591363],[160.63602117441795,-77.43163395386131],[160.63899985032734,-77.42978879176864],[160.65346312718992,-77.42627074664875],[160.6535123029317,-77.42260723662723],[160.65814311583676,-77.42200470505023],[160.66020151507416,-77.42072713756751],[160.6554118603508,-77.42052029378416],[160.65574455703756,-77.41895131028492],[160.65451102510508,-77.41790028757137],[160.6441944193396,-77.415675689032],[160.64062146908387,-77.4138075445015],[160.63215710257154,-77.4131591023787],[160.6276711344428,-77.41185849241865],[160.62995982334274,-77.41043926398322],[160.63071748425293,-77.40906216014294],[160.62841427360644,-77.40776932109964],[160.63886362237358,-77.40219207648995],[160.641254722934,-77.39934579855905],[160.6402880267436,-77.39767715958888],[160.64208069046325,-77.39701737644837],[160.63779269660606,-77.39605070320498],[160.636141279974,-77.3948078371901],[160.63712576407335,-77.3932888300712],[160.62705783712735,-77.39107916402509],[160.59665780052399,-77.38146694429794],[160.5182121756299,-77.36409120456393],[160.47129829624322,-77.35106978634384],[160.44322763249426,-77.34241397121122],[160.42412578635353,-77.3424327989852],[160.4155080290787,-77.33869549455405],[160.4263331537912,-77.33417561232505],[160.46166051147748,-77.32313768836238],[160.488516197137,-77.32293015795901],[160.48983329999984,-77.31966667000002],[160.48770641283124,-77.3178117167909],[160.4891411124932,-77.31562546854386],[160.4937119195164,-77.31322377710558],[160.49150638985694,-77.3098351472998],[160.5099012109307,-77.30360791846991],[160.5306035490558,-77.29939810560838],[160.53129746505311,-77.29853316702658],[160.49586953302378,-77.29761378796974],[160.48534376370196,-77.29647432033381],[160.4680063558591,-77.29193014780355],[160.46110784930335,-77.29171070114293],[160.45175927148006,-77.28986317683201],[160.44644540358166,-77.28641526392539],[160.439991108764,-77.28367588702609],[160.4377565958624,-77.2796702647862],[160.44038167615966,-77.27444888753476],[160.45453929272801,-77.26566181388999],[160.47156010178364,-77.2609295744762],[160.50948564276976,-77.25352324656527],[160.53033329999974,-77.24516667],[160.54909074707697,-77.24449149191436],[160.56957632556185,-77.24251609341545],[160.58425431172157,-77.23983227327454],[160.59541289248094,-77.23355768366822],[160.60878997882557,-77.23421620474858],[160.62053249160064,-77.23372654712735],[160.64164159646586,-77.22988339344468],[160.66202704225768,-77.22394332244028],[160.66755453801568,-77.22118490439921],[160.67435137237885,-77.222349863038],[160.69244810443624,-77.21929142718612],[160.70116669999965,-77.21933333000001],[160.71538606052172,-77.22081358885768],[160.74825537383717,-77.2204247282328],[160.78425637699874,-77.22498748516153],[160.80594444157308,-77.2247475672903],[160.81548081574203,-77.22637338066086],[160.82155669648577,-77.2254396775811],[160.8550416263122,-77.22648483400607],[160.85823969816744,-77.22774917398299],[160.8560988006041,-77.2291130672658],[160.86034692044288,-77.23007586805281],[160.89245898627647,-77.23457482687171],[160.89597896111658,-77.23637222101408],[160.9300830322526,-77.2429262654879],[160.93235267521487,-77.24920991082895],[160.929344901716,-77.25076258485639],[160.89988584686267,-77.25704308530469],[160.88518812999337,-77.26419655850654],[160.89281994687434,-77.26668971761598],[160.89363216217285,-77.26764308956321],[160.88801137576687,-77.27268930774139],[160.88945720494715,-77.27470979213922],[160.89269120592263,-77.27559335851853],[160.89346349943568,-77.27730767372229],[160.90074739632203,-77.28002804839569],[160.89887743650655,-77.2859974249212],[160.89963113362685,-77.28809222684097],[160.9155252611824,-77.28828458436773],[160.92335634853387,-77.29066324752957],[160.9246698478742,-77.29203636698503],[160.92912307869327,-77.29288443505023],[160.92562621262508,-77.29363692094849],[160.9295248190518,-77.2952066196565],[160.92538018218625,-77.3018937775433],[160.93636344233389,-77.30374705826634],[160.9463899010504,-77.30399937257434],[160.95083026851583,-77.30522757571708],[160.95132236379203,-77.30933849162328],[160.97506249847777,-77.31266588873362],[160.9804737204304,-77.31549404006039],[161.0147293960643,-77.31655795372694],[161.01685139365634,-77.3155730311757],[161.0237150561451,-77.31710950447176],[161.0275688033437,-77.31612808309934],[161.03624660659176,-77.31576528575448],[161.03388239789695,-77.31431445654464],[161.05798491503057,-77.31371552681755],[161.06309431971187,-77.3115563920172],[161.06814190529187,-77.31091916152572],[161.09426580364087,-77.31161453313369],[161.09880783370588,-77.31055721968752],[161.10205627317498,-77.30698607621305],[161.11219804985365,-77.30418803065697],[161.12635834380865,-77.30512550078518],[161.14006692632705,-77.3041208110336],[161.14885975322645,-77.3051624036198],[161.15942182779503,-77.30506489990398],[161.16648589767416,-77.30610320007723],[161.22600211082218,-77.30605803582239],[161.23778417095468,-77.30831053723348],[161.28468526102407,-77.31073962375838],[161.3042299315884,-77.31021196135093],[161.347390929409,-77.3137218813879],[161.3484576860408,-77.31212459424191],[161.35117414873483,-77.31125925761225],[161.36576426918447,-77.3085311058503],[161.3963370841556,-77.30622394454788],[161.4038316615276,-77.3049501691362],[161.40666670000002,-77.30333333],[161.41470865803598,-77.30514856963451],[161.42768019406518,-77.30610700698902],[161.43770260799258,-77.30786245116973],[161.4513753816606,-77.30836343810392],[161.45326062809517,-77.31053318001173],[161.4638124576291,-77.31194539444324],[161.4703774951003,-77.31407874886433],[161.47083329999967,-77.32016666999998],[161.4685870173414,-77.32168847780844],[161.4715252529247,-77.32279306203665],[161.48867089110328,-77.32519594023842],[161.51083154480335,-77.33227927806796],[161.5359696261957,-77.33856205136652],[161.58822502822338,-77.34720081946759],[161.6209086230281,-77.35465450927956],[161.6621343218645,-77.35993206559094],[161.67188669215182,-77.36190712587066],[161.67748620362318,-77.36586252164915],[161.67908031038837,-77.36902043500334],[161.67406384725933,-77.37233341459618],[161.66313004185398,-77.3761052711137],[161.64852870227145,-77.37923093224133],[161.60171103843203,-77.38597765311697],[161.59195590391784,-77.3862832888241],[161.55658749468222,-77.39043272935055],[161.52887739100046,-77.39069677130381],[161.4591315563029,-77.39486418079915],[161.4355551119449,-77.39884965011704],[161.41268553930823,-77.4008544372806],[161.40131602738813,-77.40332136245614],[161.3931058135709,-77.40411533588684],[161.37794410525223,-77.40300128691281],[161.364511096276,-77.40302943127583],[161.3440991019919,-77.40508342011717],[161.3095670284958,-77.40436705174098],[161.2738485591247,-77.40981032744811],[161.24016669999995,-77.413],[161.19082284499683,-77.41952455466735],[161.19034056575748,-77.42162477641796],[161.16900269501554,-77.4267544852569],[161.14052912052676,-77.42524855993875],[161.12218596632795,-77.42800436311109],[161.09093846032206,-77.42781289828784],[161.0862784693478,-77.42899196394384],[161.08283746876734,-77.43117800275137],[161.0450541264816,-77.43156280501796],[161.02877915103915,-77.43431626236197],[161.01996951406676,-77.43900262993513],[161.00640695392624,-77.44180604721089],[160.98387323166642,-77.44317322464764],[160.94209010557833,-77.44294070843918],[160.9210716368732,-77.44732072977956],[160.90718782874626,-77.44765184654605],[160.88448293978965,-77.45175076325052],[160.82859335190187,-77.45502636318008],[160.80820176659708,-77.45501430022061],[160.786250302093,-77.45641207974502],[160.78070410590766,-77.45767463480038],[160.76930169066875,-77.45512816771637],[160.76375434778208,-77.45639036330958],[160.7520181556158,-77.45580629893324],[160.743519577634,-77.45715031941347],[160.73426353628946,-77.45721268132414],[160.66215964939704,-77.45404077000286],[160.65661336701103,-77.45202324379302],[160.65316746522913,-77.44825232698498]]]}},{"type":"Feature","properties":{"ASPA_No":124,"NAME":"Cape Crozier, Ross Island","Propon":"United States","DesigInstr":"Rec. IV-6","Area_km":67.6511,"PrimProtDe":"C","BiodivDesi":1,"EnvDomain":"S","Marine":0,"ACBR":"9"},"geometry":{"type":"Polygon","coordinates":[[[169.4666666999999,-77.43333333000004],[169.4660025281508,-77.46451993607621],[169.46672389329783,-77.53337139323752],[169.33333329999988,-77.53333333],[169.25797350896906,-77.52925393248674],[169.1916666999999,-77.51722221999997],[169.21111109999995,-77.46527778000004],[169.20001186669927,-77.45769783424679],[169.19999999999982,-77.43333333000002],[169.4666666999999,-77.43333333000004]]]}},{"type":"Feature","properties":{"ASPA_No":125,"NAME":"Zone c, Glacier Dome Bellingshausen (Collins glacier), Fildes Peninsula, KGI (25 de Mayo)","Propon":"Chile","DesigInstr":"Rec. IV-12","Area_km":1.4611,"PrimProtDe":"F","BiodivDesi":0,"EnvDomain":"G","Marine":0,"ACBR":"3"},"geometry":{"type":"Polygon","coordinates":[[[-58.91666666999992,-62.17222221999928],[-58.911111109999894,-62.17666666999926],[-58.899999999999835,-62.18111110999924],[-58.9,-62.18194443999931],[-58.9166666699999,-62.17833332999926],[-58.92361110999993,-62.17499999999929],[-58.92361111000001,-62.15416666999926],[-58.911111109999986,-62.14583332999929],[-58.9,-62.145833329999306],[-58.89999999999987,-62.147777779999245],[-58.92027777999993,-62.15555555999928],[-58.92083332999982,-62.16666666999925],[-58.91666666999992,-62.17222221999928]]]}},{"type":"Feature","properties":{"ASPA_No":125,"NAME":"Zone b2, Holz Stream (Madera Stream), Fildes Peninsula, King George Island (25 de Mayo)","Propon":"Chile","DesigInstr":"Rec. IV-12","Area_km":0.0793,"PrimProtDe":"F","BiodivDesi":0,"EnvDomain":"G","Marine":0,"ACBR":"3"},"geometry":{"type":"Polygon","coordinates":[[[-58.93664721999987,-62.19320555999926],[-58.9391138899999,-62.19362777999922],[-58.93989166999986,-62.19178610999929],[-58.93749721999992,-62.190711109999256],[-58.93063888999996,-62.1914083299993],[-58.93059166999984,-62.19203888999927],[-58.937011109999915,-62.1926138899993],[-58.93664721999987,-62.19320555999926]]]}},{"type":"Feature","properties":{"ASPA_No":125,"NAME":"Zone b1, Holz Stream (Madera Stream), Fildes Peninsula, King George Island (25 de Mayo)","Propon":"Chile","DesigInstr":"Rec. IV-12","Area_km":0.1113,"PrimProtDe":"F","BiodivDesi":0,"EnvDomain":"G","Marine":0,"ACBR":"3"},"geometry":{"type":"Polygon","coordinates":[[[-58.93713033198649,-62.18628449447163],[-58.93660912999473,-62.18748191419937],[-58.93761944,-62.19063332999927],[-58.93992040718812,-62.19166366291798],[-58.94140623433717,-62.18710462340099],[-58.94034154288432,-62.186205896935334],[-58.93713033198649,-62.18628449447163]]]}},{"type":"Feature","properties":{"ASPA_No":125,"NAME":"Zone e, Suffield Point, Fildes Peninsula, King George Island (25 de Mayo)","Propon":"Chile","DesigInstr":"Rec. IV-12","Area_km":0.0259,"PrimProtDe":"F","BiodivDesi":0,"EnvDomain":"G","Marine":0,"ACBR":"3"},"geometry":{"type":"Polygon","coordinates":[[[-58.919319439999974,-62.19274999999932],[-58.91785072037936,-62.194149199632065],[-58.92264166999998,-62.1938944399993],[-58.919319439999974,-62.19274999999932]]]}},{"type":"Feature","properties":{"ASPA_No":125,"NAME":"Zone g, Gradzinski Cove, Fildes Peninsula, King George Island (25 de Mayo)","Propon":"Chile","DesigInstr":"Rec. IV-12","Area_km":0.0219,"PrimProtDe":"F","BiodivDesi":0,"EnvDomain":"G","Marine":0,"ACBR":"3"},"geometry":{"type":"Polygon","coordinates":[[[-58.94029400041072,-62.15182380966432],[-58.94523189954751,-62.15068811984348],[-58.94524488952838,-62.15046361003329],[-58.93933332999985,-62.15113888999923],[-58.94029400041072,-62.15182380966432]]]}},{"type":"Feature","properties":{"ASPA_No":125,"NAME":"Zone h, Skua Cove, Fildes Peninsula, King George Island (25 de Mayo)","Propon":"Chile","DesigInstr":"Rec. IV-12","Area_km":0.1202,"PrimProtDe":"F","BiodivDesi":0,"EnvDomain":"G","Marine":0,"ACBR":"3"},"geometry":{"type":"Polygon","coordinates":[[[-58.982220259949834,-62.17614632995896],[-58.98683888999991,-62.174297219999254],[-58.98514443999995,-62.174449999999275],[-58.98147221999986,-62.175288889999244],[-58.97886666999994,-62.17632221999927],[-58.978877779999834,-62.17751110999924],[-58.98085278,-62.178797219999275],[-58.98893055999994,-62.18069721999925],[-58.98799999999982,-62.18174443999927],[-58.990725760546255,-62.18138497035854],[-58.99150301015735,-62.18043943988292],[-58.990188870476764,-62.18024788008263],[-58.99085243017916,-62.17991919993351],[-58.9880760003109,-62.17993335007409],[-58.98537768998376,-62.17886335994738],[-58.98659552044998,-62.17817224038684],[-58.98493392081326,-62.17856441012713],[-58.97985445908433,-62.17722464991647],[-58.980061709846595,-62.17617926003629],[-58.982220259949834,-62.17614632995896]]]}},{"type":"Feature","properties":{"ASPA_No":125,"NAME":"Zone f, Fossil Point, Fildes Peninsula, King George Island (25 de Mayo)","Propon":"Chile","DesigInstr":"Rec. IV-12","Area_km":0.0144,"PrimProtDe":"F","BiodivDesi":0,"EnvDomain":"G","Marine":0,"ACBR":"3"},"geometry":{"type":"Polygon","coordinates":[[[-58.90541667000003,-62.18913055999929],[-58.906272770270505,-62.19025048008055],[-58.909140428631886,-62.189472896842325],[-58.90913867214946,-62.189472734471245],[-58.90541667000003,-62.18913055999929]]]}},{"type":"Feature","properties":{"ASPA_No":125,"NAME":"Zone d, Halfthree Point, Fildes Peninsula, King George Island (25 de Mayo)","Propon":"Chile","DesigInstr":"Rec. IV-12","Area_km":0.0185,"PrimProtDe":"F","BiodivDesi":0,"EnvDomain":"G","Marine":0,"ACBR":"3"},"geometry":{"type":"MultiPolygon","coordinates":[[[[-58.947638070560664,-62.22972614997939],[-58.94784974079348,-62.22975127993786],[-58.94783569011787,-62.229679690397404],[-58.947638070560664,-62.22972614997939]]],[[[-58.94727854933306,-62.22996465973905],[-58.94747003951317,-62.22978601013363],[-58.947159580154306,-62.22987144971128],[-58.94727854933306,-62.22996465973905]]],[[[-58.94609619473864,-62.22909179122332],[-58.946151952546145,-62.2289726016196],[-58.94577661803824,-62.22905483203028],[-58.94609619473864,-62.22909179122332]]],[[[-58.946005600364735,-62.2289333204074],[-58.94629853079285,-62.228854119972844],[-58.945930100089576,-62.2288992095286],[-58.946005600364735,-62.2289333204074]]],[[[-58.946974259472775,-62.22809391031643],[-58.946866919960556,-62.229387570350376],[-58.947925170057296,-62.22952535962607],[-58.94833332999996,-62.229999999999286],[-58.94834198082145,-62.227623304676875],[-58.946974259472775,-62.22809391031643]]],[[[-58.94590909963711,-62.22804333038428],[-58.94666130065074,-62.22780050027811],[-58.945898510008135,-62.227878319666765],[-58.94590909963711,-62.22804333038428]]]]}},{"type":"Feature","properties":{"ASPA_No":125,"NAME":"Zone a, Fossil Hill, Fildes Peninsula, King George Island (25 de Mayo)","Propon":"Chile","DesigInstr":"Rec. IV-12","Area_km":0.5948,"PrimProtDe":"F","BiodivDesi":0,"EnvDomain":"G","Marine":0,"ACBR":"3"},"geometry":{"type":"Polygon","coordinates":[[[-58.970961984370085,-62.20780229207994],[-58.97011634191052,-62.20885142078515],[-58.975450581264404,-62.209121226648726],[-58.97382247928376,-62.21041723195861],[-58.97434733969003,-62.210539959454664],[-58.97696516595838,-62.20884821794288],[-58.98311985367228,-62.20845951605142],[-58.98520747401841,-62.20763496808082],[-58.98680953590861,-62.2096189061714],[-58.99448276020708,-62.2079710219089],[-58.992219878290385,-62.204135688912736],[-58.992861588897014,-62.20337893189884],[-58.989331663587414,-62.20409185916012],[-58.98475279032047,-62.20307996422511],[-58.98137918880573,-62.20349413147045],[-58.970961984370085,-62.20780229207994]]]}},{"type":"Feature","properties":{"ASPA_No":126,"NAME":"Byers Peninsula, Livingston Island","Propon":"Chile, Spain, United Kingdom","DesigInstr":"Rec. IV-10","Area_km":92.9616,"PrimProtDe":"C","BiodivDesi":1,"EnvDomain":"G","Marine":0,"ACBR":"3"},"geometry":{"type":"MultiPolygon","coordinates":[[[[-61.18938613102509,-62.6740422996397],[-61.19345988221032,-62.673688835483155],[-61.19410982070127,-62.67301943581908],[-61.18973493610465,-62.672606772916055],[-61.18938613102509,-62.6740422996397]]],[[[-61.17998181925375,-62.67267662331104],[-61.179206404410465,-62.67608909556689],[-61.182671462985944,-62.6762629661276],[-61.18622848024782,-62.6748742782803],[-61.18534171335984,-62.673768261944005],[-61.18363079805186,-62.673804112947906],[-61.18407157932526,-62.67309362138852],[-61.17998181925375,-62.67267662331104]]],[[[-61.14216962569354,-62.611625945314756],[-61.15575150151942,-62.60838801347297],[-61.15984581948983,-62.60875056248325],[-61.16343201469669,-62.607579901069705],[-61.163928031865034,-62.60714026661101],[-61.16223024406867,-62.60692441682551],[-61.1652713874022,-62.60570175314601],[-61.16370789696474,-62.60577660647971],[-61.164706538886286,-62.604198809910265],[-61.16439080481921,-62.60349327330195],[-61.16668063573391,-62.60338860161585],[-61.16808872591739,-62.60227628939187],[-61.1753052528682,-62.60006981520242],[-61.17809757346987,-62.600302631775875],[-61.18020773748735,-62.59904778290081],[-61.191629229000576,-62.59713920875775],[-61.193746502351644,-62.59605547163463],[-61.19351414878383,-62.594868494193825],[-61.19578526046892,-62.59435621213978],[-61.195739742454165,-62.59340167354684],[-61.20130290643728,-62.593302149318994],[-61.201832145674175,-62.59351096194758],[-61.200915287259924,-62.594178213369325],[-61.202232631742376,-62.59433538119199],[-61.20997527455903,-62.59241170567779],[-61.20917475387991,-62.592163001429164],[-61.21252210596687,-62.59115362020048],[-61.21180163059436,-62.59078528381233],[-61.21836423788041,-62.58953902162997],[-61.21487344453901,-62.58797666417149],[-61.21161841689271,-62.58968309747757],[-61.20913932573094,-62.589516721638766],[-61.21070405358298,-62.58990987478943],[-61.20962840772337,-62.59028892083122],[-61.210141695995965,-62.5904553905243],[-61.200547919919394,-62.59199902193358],[-61.20399447354186,-62.59015783748245],[-61.2020014724651,-62.589298966003916],[-61.204904125182736,-62.58910332840804],[-61.203482852980365,-62.588248936442795],[-61.2039913326633,-62.58789076253846],[-61.20182752111851,-62.58764695691974],[-61.19747825232974,-62.58881987540525],[-61.19791094048815,-62.58921268452126],[-61.197292804542755,-62.58937019528219],[-61.198842410769096,-62.58981105266817],[-61.195407213642305,-62.59135767922649],[-61.194338774582135,-62.590311385364394],[-61.19173992844441,-62.5898120328766],[-61.18436952941097,-62.59190787935454],[-61.176816844170624,-62.59140288465385],[-61.175879750769894,-62.59090251693807],[-61.17592189820605,-62.58951975922102],[-61.1802340157665,-62.58747718964975],[-61.17854465751858,-62.58674259381244],[-61.18219311521121,-62.585395595020444],[-61.1814615027442,-62.58521774426656],[-61.18313385322723,-62.58423774503479],[-61.1803940599034,-62.58356808872077],[-61.17755552807136,-62.584016522798244],[-61.17816759265782,-62.58316310173115],[-61.176634634279274,-62.58325536534875],[-61.17684621214551,-62.58238272395412],[-61.17296377284767,-62.58150157799201],[-61.184848507025464,-62.57817711885957],[-61.18390841889922,-62.57733163231953],[-61.18215817592939,-62.577898156681385],[-61.17900667213392,-62.57720623740272],[-61.17846842484714,-62.57645850951587],[-61.17768817081024,-62.576583024778046],[-61.17824417478939,-62.57733933765832],[-61.17560661692453,-62.577195611196736],[-61.17252604133733,-62.578224381929275],[-61.171751884843594,-62.577754121813435],[-61.16977810015607,-62.57869071697759],[-61.167001672754935,-62.57833168430172],[-61.16429439480932,-62.57931749186461],[-61.162412234731626,-62.579253458981825],[-61.164254872972876,-62.578478024195675],[-61.165130571537325,-62.57729986327851],[-61.1595822613489,-62.578778561566445],[-61.15982957545081,-62.57763148960904],[-61.15850398207321,-62.578604466346924],[-61.157287622198574,-62.577909497523684],[-61.15382912498472,-62.578742092037274],[-61.154807611902335,-62.57944517725695],[-61.150976624974774,-62.58039346204398],[-61.15038168464028,-62.58086262704697],[-61.15150072976135,-62.581261785612604],[-61.14938998416999,-62.58193815959759],[-61.14793677305762,-62.58309457976327],[-61.14907395472954,-62.58330320363613],[-61.147307518165604,-62.58411312324418],[-61.145822501193045,-62.583824097627755],[-61.14637218961992,-62.58340211760007],[-61.14581423002067,-62.58210406186914],[-61.14673267937797,-62.581183147711826],[-61.1449066181376,-62.58133729633333],[-61.14525696330846,-62.580208400623896],[-61.14455187531443,-62.580100826906815],[-61.14405997100161,-62.58115772052876],[-61.13857771962186,-62.58194064055866],[-61.13440685756021,-62.58431774425073],[-61.132690229667766,-62.58452209445739],[-61.13354571419257,-62.58611319584636],[-61.125929440404015,-62.588581523149095],[-61.124589607276874,-62.59004504038913],[-61.12566173642784,-62.59089827185105],[-61.1250109080405,-62.59176218251394],[-61.12133590777566,-62.591356539875484],[-61.12339652511913,-62.592458831817844],[-61.12089528915684,-62.59303132707142],[-61.120809129151404,-62.59391402248267],[-61.11945786758287,-62.59439526319909],[-61.11841776736483,-62.596401467996124],[-61.11631603586368,-62.59786876502072],[-61.11187200997105,-62.59824938115659],[-61.11309823635203,-62.59907399093723],[-61.110440967878795,-62.6016082737381],[-61.10736880628247,-62.60309870454172],[-61.10337720318171,-62.60267431484157],[-61.105560433523934,-62.603958101015145],[-61.1033148165712,-62.605560727415856],[-61.10090487564656,-62.60534561234256],[-61.101369970783935,-62.60597764174065],[-61.10033429712293,-62.606650997484756],[-61.10159905144857,-62.606491453248296],[-61.10079456102422,-62.60735874246181],[-61.10163771354949,-62.60769843571401],[-61.10004238725912,-62.608647655503916],[-61.0950068802771,-62.60929752560701],[-61.091113040187814,-62.608478434037536],[-61.08866572089679,-62.60912688629174],[-61.08795602472622,-62.60832599632817],[-61.08698667009791,-62.60890759183518],[-61.083955771621476,-62.608122532862716],[-61.08403852872854,-62.60750081417126],[-61.07797972591956,-62.60749067776162],[-61.07757051532082,-62.608354915941156],[-61.07597759358782,-62.608784753835884],[-61.076411290551796,-62.609424879099244],[-61.07567910354291,-62.61047816571699],[-61.080492012390565,-62.61309758837348],[-61.07796974524053,-62.61461181577173],[-61.07294649668402,-62.61570722661499],[-61.06824108106624,-62.613689522688595],[-61.062195165969506,-62.61430183884296],[-61.06135190430216,-62.61340908228842],[-61.06208564435619,-62.613180763403975],[-61.05787457282671,-62.61116110007904],[-61.05665192067801,-62.61234782918424],[-61.052905749903786,-62.61291029426271],[-61.05527018174868,-62.61540674522012],[-61.054846432850056,-62.616576450088886],[-61.04786913940922,-62.61827798882667],[-61.04259121602593,-62.61840346835665],[-61.03734127130031,-62.6163518670681],[-61.03669595601912,-62.61459195113866],[-61.035003250277065,-62.614397072062964],[-61.031446107637805,-62.616600259265496],[-61.031233813611685,-62.61750638195641],[-61.029732662939594,-62.617819102907596],[-61.0320684113522,-62.61879472251752],[-61.032601789614226,-62.62003123946917],[-61.030038391516875,-62.62248961498056],[-61.01672650854788,-62.627029658627706],[-61.00618260147751,-62.6284092570785],[-61.00089554134507,-62.62782596446341],[-60.99968998188766,-62.62572681056005],[-60.996867734980945,-62.62664327241927],[-60.99104829839812,-62.62654870358666],[-60.978678930098916,-62.62330666687855],[-60.976151845296485,-62.62159361345481],[-60.975563320726955,-62.61999869655048],[-60.97840228269854,-62.61587515679404],[-60.96901813090295,-62.61544808466727],[-60.962829100273794,-62.612761888033184],[-60.95931364839413,-62.61250794971785],[-60.95693304436212,-62.610921739294746],[-60.950395850939,-62.60940184105351],[-60.949235800724274,-62.608286619743346],[-60.95248271341766,-62.60771727870467],[-60.95270418046154,-62.606686394779466],[-60.950323960874876,-62.606076101986574],[-60.94940045948891,-62.6050077067148],[-60.943234368835874,-62.6059774149562],[-60.935870019689474,-62.60517511749187],[-60.920216604540954,-62.59839974926242],[-60.91845725154523,-62.59714847122841],[-60.91916499974924,-62.59671461352679],[-60.9187836226329,-62.5956392488236],[-60.9132510470804,-62.59654970203959],[-60.90816831604679,-62.59528416711883],[-60.90423320983277,-62.5926986717013],[-60.903236970622025,-62.590294756204145],[-60.900319578130535,-62.58909287067198],[-60.901576763545194,-62.588346867428285],[-60.89866582736025,-62.587806633036955],[-60.89584028827575,-62.58970404673512],[-60.89583323168327,-62.67369285616237],[-60.90092195613644,-62.6730283103623],[-60.90423215308083,-62.67418921433698],[-60.91518860087849,-62.674715179688654],[-60.919906561601366,-62.67372741060752],[-60.92236307626686,-62.67132096864738],[-60.92948592285546,-62.67268178339742],[-60.93163856620701,-62.67243430223215],[-60.931219018047244,-62.669597364194836],[-60.93485908899628,-62.668151158124495],[-60.946004553779176,-62.66648790695542],[-60.94792147150527,-62.666971304130186],[-60.95427491677236,-62.66477027841408],[-60.965031495350125,-62.66249324408399],[-60.97783545993141,-62.661819947837344],[-60.99522743011038,-62.66275994351893],[-61.00863634150508,-62.66242354008542],[-61.01578189706613,-62.66350408643552],[-61.03072378960863,-62.65993244710886],[-61.045410830993866,-62.65840958478312],[-61.05655927217635,-62.6589237338009],[-61.09235219922551,-62.665534911223745],[-61.09821806425426,-62.66816505116173],[-61.10156174845,-62.672076708213154],[-61.10041415624832,-62.67446293242373],[-61.094611134125394,-62.675007142652],[-61.09559110679299,-62.675811645310226],[-61.10023092537215,-62.676239640595185],[-61.10489810892268,-62.67478172953596],[-61.11189525374422,-62.67522402468972],[-61.12246091112541,-62.674353007265154],[-61.12982818566203,-62.67512204715463],[-61.1325666919752,-62.67612372277444],[-61.131605433872735,-62.67675063551651],[-61.13293068843375,-62.67722564676831],[-61.13903284470506,-62.67725619852793],[-61.14377136089366,-62.675279182816936],[-61.14771608701588,-62.67564001548908],[-61.14762087560329,-62.674625902554816],[-61.14548710427144,-62.67448825597306],[-61.14465736230415,-62.673506444220656],[-61.1473254987026,-62.672514855769506],[-61.149204267063055,-62.673409403042896],[-61.149600975174145,-62.67243266857985],[-61.14762330128416,-62.671752840562846],[-61.1476224312421,-62.67088865604232],[-61.15226022096785,-62.6692298485691],[-61.17351138265097,-62.669976839581494],[-61.180791362378706,-62.672170155475705],[-61.180107763407435,-62.67187227375965],[-61.181495330629545,-62.671837031886135],[-61.180442334243374,-62.6712958967258],[-61.18418030979969,-62.67134434790393],[-61.17727767813202,-62.668968106629784],[-61.17794070839393,-62.66751496054861],[-61.179719475012895,-62.66746228612515],[-61.17805131575941,-62.667202156265866],[-61.179527569330915,-62.66711188406511],[-61.179668672117074,-62.6664038889331],[-61.17623580336571,-62.666760433306386],[-61.175778460987225,-62.665564853117765],[-61.17082309111495,-62.66488590619354],[-61.16498332049485,-62.665193964223036],[-61.16012346887525,-62.66288289512208],[-61.15471320211923,-62.66256488645617],[-61.14625526968425,-62.657425386596145],[-61.14616438906967,-62.655656508531834],[-61.14933336344461,-62.653355549165305],[-61.153324727150014,-62.654003010170214],[-61.1558370709479,-62.65342169284329],[-61.15453521089488,-62.65317165896733],[-61.15535189022768,-62.65288782687946],[-61.155014878320266,-62.652030441534535],[-61.156055031533505,-62.65178034326117],[-61.155809530825216,-62.65111773768858],[-61.15235681131948,-62.651327612699816],[-61.147243448356726,-62.650199580832485],[-61.14644385442252,-62.647770393647335],[-61.149250116833436,-62.6467721752155],[-61.14560200012221,-62.646603280800804],[-61.14214645287399,-62.64374896118727],[-61.14230332113222,-62.641632660056736],[-61.14625581191584,-62.641410082765056],[-61.14529033337997,-62.640956733306496],[-61.14617452991558,-62.6397816611615],[-61.15061324105823,-62.637912730742116],[-61.14375601523847,-62.63702521570925],[-61.141467205201224,-62.63599880189805],[-61.1419024716597,-62.63508428181152],[-61.13277109674309,-62.635964524552705],[-61.1270233528029,-62.634507358920615],[-61.12337130871096,-62.63240186586341],[-61.12852460611414,-62.62983901516366],[-61.12761101899001,-62.629537788986894],[-61.12848475834707,-62.62843837190136],[-61.12656434872786,-62.6266169947959],[-61.12359129868596,-62.62631628439775],[-61.12398085595734,-62.62439389909757],[-61.12767411785365,-62.624092614068545],[-61.126597924029916,-62.62328416276944],[-61.128220678700266,-62.62218632447644],[-61.13033247264644,-62.62232119552804],[-61.13272640548722,-62.62019828563225],[-61.14101338458495,-62.61998305536765],[-61.14073752677692,-62.61952202889733],[-61.14250608959261,-62.61871498510608],[-61.14095698914167,-62.617962144602664],[-61.13326860286629,-62.617871097381666],[-61.13371380665302,-62.615730534517105],[-61.1400566603706,-62.615217312016874],[-61.138939379650985,-62.61486855747405],[-61.14016897859678,-62.614104930002625],[-61.13968227170893,-62.61341385419344],[-61.14216962569354,-62.611625945314756]]]]}},{"type":"Feature","properties":{"ASPA_No":127,"NAME":"Haswell Island","Propon":"Russia Federation","DesigInstr":"Rec. VIII-4","Area_km":6.0724,"PrimProtDe":"E","BiodivDesi":1,"EnvDomain":"L","Marine":0,"ACBR":"7"},"geometry":{"type":"Polygon","coordinates":[[[92.98037951793187,-66.52165569895216],[93.04772297836078,-66.5213583277095],[93.04824997063058,-66.54386105185432],[93.00674373168185,-66.54398647667006],[93.00628003269698,-66.53146217382958],[92.98058716113422,-66.53152016088555],[92.98037951793187,-66.52165569895216]]]}},{"type":"Feature","properties":{"ASPA_No":128,"NAME":"Western shores of Admiralty Bay, King George Island, South Shetland Islands","Propon":"Poland","DesigInstr":"Rec. X-5","Area_km":18.3797,"PrimProtDe":"C","BiodivDesi":1,"EnvDomain":"A","Marine":0,"ACBR":"3"},"geometry":{"type":"Polygon","coordinates":[[[-58.474096160318,-62.23495089978565],[-58.479999999999826,-62.215277779999255],[-58.49833333000005,-62.167499999999286],[-58.4675357550296,-62.16416221156927],[-58.46273310969879,-62.16170139983957],[-58.459356539727864,-62.16148768963511],[-58.458489850720426,-62.16215218003231],[-58.45938075995407,-62.16230663027913],[-58.458864350269884,-62.16265399970124],[-58.4564429297541,-62.162665229796744],[-58.45579989974654,-62.162914189885775],[-58.45679517968661,-62.16302934005196],[-58.456152300142755,-62.163273779701726],[-58.45905315042236,-62.16835251012975],[-58.45879373112693,-62.17054833984413],[-58.46083580039711,-62.16951806997266],[-58.46494543034602,-62.17026839006614],[-58.46635906998726,-62.169504560223714],[-58.4675055307901,-62.16992693977433],[-58.467033770983875,-62.17080344996543],[-58.4636722102871,-62.17090351019419],[-58.46553415996854,-62.17204039970924],[-58.462959220969886,-62.172398690026164],[-58.462619100264874,-62.17278571044035],[-58.46383094972942,-62.1732712395414],[-58.46248007906603,-62.17389976989008],[-58.45921792069302,-62.172148169984624],[-58.45728111036254,-62.17222334995574],[-58.458303149942836,-62.170551990471154],[-58.45517296012589,-62.17251939967784],[-58.44457152042271,-62.17437223050431],[-58.44480521077707,-62.178696770101745],[-58.43987351084404,-62.1842086901849],[-58.44065445014653,-62.18472753031695],[-58.44025519081601,-62.18733771012783],[-58.4395772001489,-62.188742410502755],[-58.437697290809396,-62.1899066997227],[-58.43911413955227,-62.19252437029345],[-58.436831220486425,-62.19690872038613],[-58.43416759981065,-62.198258180078994],[-58.43066900069859,-62.197802820030134],[-58.43251928051499,-62.19855303976346],[-58.43841969024893,-62.198672109811476],[-58.44019560933606,-62.200097350071594],[-58.441124841221736,-62.202092359840016],[-58.43790447023885,-62.20432794978241],[-58.43596077983217,-62.204700239799095],[-58.43627296035738,-62.20590479055255],[-58.434674540579145,-62.2076202803339],[-58.42857397059426,-62.209298309752384],[-58.42067404043288,-62.213005050050704],[-58.42245637988939,-62.21420662019378],[-58.4268684798288,-62.215147070263306],[-58.436112859396445,-62.21469156018229],[-58.4390918203861,-62.215290860286885],[-58.438934339796376,-62.21748365970741],[-58.43531411921806,-62.217611089856156],[-58.435182630259696,-62.21874091056655],[-58.43791793115952,-62.2205297398337],[-58.44178069018937,-62.22114551022064],[-58.448211429805546,-62.22464269002262],[-58.448441219138076,-62.22634473009206],[-58.44643768996574,-62.22752713017103],[-58.446877460327435,-62.22783798048855],[-58.445149520755926,-62.22764869990783],[-58.4461585792184,-62.22815189988281],[-58.444644249027895,-62.22798743004482],[-58.44547958030607,-62.228492429684074],[-58.45270169004121,-62.228867620490945],[-58.45337860922682,-62.22968966988228],[-58.456014919686616,-62.22988734035425],[-58.461618050410735,-62.228959170216065],[-58.463088870263306,-62.229753940288056],[-58.461075170326275,-62.230681309745755],[-58.46567095008054,-62.230560709716706],[-58.46876958182335,-62.23222223780026],[-58.46984699085959,-62.233657959748804],[-58.4682177294512,-62.23568637996195],[-58.470000239901836,-62.23607473040244],[-58.474096160318,-62.23495089978565]]]}},{"type":"Feature","properties":{"ASPA_No":129,"NAME":"Rothera Point, Adelaide Island","Propon":"United Kingdom","DesigInstr":"Rec. XIII-8","Area_km":0.0384,"PrimProtDe":"A","BiodivDesi":1,"EnvDomain":"B","Marine":0,"ACBR":"3"},"geometry":{"type":"Polygon","coordinates":[[[-68.11862731191576,-67.56719317021384],[-68.11394433976336,-67.56638255795282],[-68.11243189836762,-67.56691956146456],[-68.11394024192309,-67.56823870390768],[-68.11705355094247,-67.56813589698909],[-68.11862731191576,-67.56719317021384]]]}},{"type":"Feature","properties":{"ASPA_No":131,"NAME":"Canada Glacier, Lake Fryxell, Taylor Valley, Victoria Land","Propon":"New Zealand","DesigInstr":"Rec. XIII-8","Area_km":1.4456,"PrimProtDe":"C","BiodivDesi":1,"EnvDomain":"S","Marine":0,"ACBR":"9"},"geometry":{"type":"Polygon","coordinates":[[[162.99483329999964,-77.607],[163.06586059390142,-77.60755507620983],[163.07454455771332,-77.61010253123699],[163.073052806168,-77.61152872793494],[163.0734592741078,-77.6121499996638],[163.08166796224134,-77.6139226513781],[163.061239363248,-77.61698717466955],[163.060512181151,-77.61762813200166],[163.05019854639133,-77.61862893996174],[163.03728726222923,-77.61494077633253],[163.0262382191974,-77.61293361309019],[163.0087200555089,-77.61116891174262],[162.9972769498929,-77.60852413118852],[162.99483329999964,-77.607]]]}},{"type":"Feature","properties":{"ASPA_No":132,"NAME":"Potter Peninsula, King George Island, (Isla 25 de Mayo), South Shetland Islands","Propon":"Argentina","DesigInstr":"Rec. XIII-8","Area_km":1.7943,"PrimProtDe":"B","BiodivDesi":1,"EnvDomain":"G","Marine":0,"ACBR":"3"},"geometry":{"type":"Polygon","coordinates":[[[-58.6803751088054,-62.23961648011728],[-58.67496468700428,-62.24038777538834],[-58.677660461323654,-62.241185094657034],[-58.67924338519437,-62.24298065488443],[-58.679683167161045,-62.24361705181856],[-58.67860852333378,-62.24554691140396],[-58.67702061088088,-62.24663106817441],[-58.672118624557804,-62.24755552577902],[-58.670526675683725,-62.24828849795204],[-58.66966554985988,-62.250009871823046],[-58.66555225213909,-62.251346711068976],[-58.649121758980066,-62.253091022116244],[-58.64517670274708,-62.25323633160014],[-58.643658676650084,-62.252320193006064],[-58.640604348809106,-62.252314342062824],[-58.63286662683019,-62.25372517404324],[-58.62402493608347,-62.25204681263071],[-58.62187114640865,-62.254532829650046],[-58.618975462303695,-62.255730221534115],[-58.61187295711443,-62.254841930618724],[-58.60351792970209,-62.257209269574965],[-58.61058248928919,-62.259510790112714],[-58.61166985013466,-62.261013709595645],[-58.610740790779914,-62.26167846995394],[-58.61560749974976,-62.26130925002563],[-58.6169920306732,-62.2618977600842],[-58.61593157010973,-62.262524810294614],[-58.6166933795448,-62.26266080974402],[-58.620480579102235,-62.26116984994076],[-58.61897565982363,-62.260493369796144],[-58.618970940527326,-62.25846006023457],[-58.62392803078085,-62.25614100982458],[-58.64291037058014,-62.2566694403542],[-58.661845530356025,-62.255057829985965],[-58.6657238295154,-62.25534995996836],[-58.667567119598445,-62.25396690974337],[-58.673601810577644,-62.25242030029853],[-58.675707569388535,-62.25094553011566],[-58.67482492037898,-62.25025352969556],[-58.675727070360765,-62.24908230983876],[-58.68100845951142,-62.24688099010045],[-58.68254851079076,-62.241938470061214],[-58.68035243983503,-62.24074619967018],[-58.6803751088054,-62.23961648011728]]]}},{"type":"Feature","properties":{"ASPA_No":133,"NAME":"Harmony Point, Nelson Island, South Shetland Islands","Propon":"Argentina, Chile","DesigInstr":"Rec. XIII-8","Area_km":46.3572,"PrimProtDe":"C","BiodivDesi":1,"EnvDomain":"G","Marine":0,"ACBR":"3"},"geometry":{"type":"Polygon","coordinates":[[[-59.09325409513135,-62.28431252223099],[-59.096515727620776,-62.331343244107885],[-59.25669292863599,-62.32881816090724],[-59.25306734084513,-62.28180709749719],[-59.09325409513135,-62.28431252223099]]]}},{"type":"Feature","properties":{"ASPA_No":134,"NAME":"Ite Apendice, Danco Coast, Antarctic Peninsula","Propon":"Argentina","DesigInstr":"Rec. XIII-8","Area_km":7.5623,"PrimProtDe":"C","BiodivDesi":1,"EnvDomain":"B","Marine":0,"ACBR":"3"},"geometry":{"type":"Polygon","coordinates":[[[-60.980345151191216,-64.20054579372946],[-60.981711046920914,-64.20176675839674],[-60.98576201179347,-64.20181930790889],[-60.98913139754419,-64.20343145692341],[-60.99108391213225,-64.20294892033976],[-60.999695499491914,-64.2040219799111],[-61.021731859541845,-64.20480846521549],[-61.043138618279905,-64.20450246843863],[-61.04401831572724,-64.20426943055779],[-61.04353113918742,-64.20338891060464],[-61.04800294839466,-64.20205066556507],[-61.0457116339593,-64.19971784603781],[-61.04409775398986,-64.19926512239157],[-61.04467784543065,-64.1985783653034],[-61.04859314605072,-64.1985685951739],[-61.048654363628124,-64.19762958812478],[-61.04614693666027,-64.19696142980058],[-61.048095933879864,-64.1945064915462],[-61.05035360866115,-64.1947965247559],[-61.05218704954928,-64.19418502575883],[-61.05330962765813,-64.19273940329659],[-61.05848984117095,-64.19233515475996],[-61.054813372347645,-64.19074950683175],[-61.05006465158789,-64.1904237349726],[-61.04952884978393,-64.18985674952496],[-61.05083796415993,-64.18871007956834],[-61.045030288597054,-64.18718175390845],[-61.04163741933671,-64.18801647698884],[-61.03717308418249,-64.18725768570762],[-61.0362987568009,-64.18654858839534],[-61.03784140296136,-64.18475884800569],[-61.03687247491146,-64.18414349355132],[-61.03110375543949,-64.18169528650954],[-61.02262147180826,-64.17964713472102],[-61.02173043057535,-64.18000429937607],[-61.022611235208586,-64.18034421795919],[-61.02179573902643,-64.18110121472714],[-61.0207552503629,-64.1812315050048],[-61.0191790894855,-64.18040563101636],[-61.0211191669531,-64.17864832810795],[-61.01836715153401,-64.17817436292219],[-61.01744708367412,-64.1770617190181],[-61.01536158955414,-64.17643861435418],[-61.012717995725566,-64.17622385087698],[-61.00511847238432,-64.18005072683358],[-61.00052129420625,-64.18481943166748],[-60.98355862922956,-64.19538288450866],[-60.98031181821241,-64.19912331053732],[-60.980345151191216,-64.20054579372946]]]}},{"type":"Feature","properties":{"ASPA_No":134,"NAME":"Ite Jose Hernandez, Danco Coast, Antarctic Peninsula","Propon":"Argentina","DesigInstr":"Rec. XIII-8","Area_km":2.4347,"PrimProtDe":"C","BiodivDesi":1,"EnvDomain":"B","Marine":0,"ACBR":"3"},"geometry":{"type":"MultiPolygon","coordinates":[[[[-61.083750299273795,-64.17712155322091],[-61.08616482959011,-64.17686906935388],[-61.0864911174118,-64.17605593121488],[-61.083426682830606,-64.17601077044662],[-61.083750299273795,-64.17712155322091]]],[[[-61.09827136217179,-64.1650661808269],[-61.09922277477642,-64.1645539983851],[-61.09915587404533,-64.16374356921081],[-61.0965477550059,-64.16417436497441],[-61.09827136217179,-64.1650661808269]]],[[[-61.080607718755715,-64.17487670068273],[-61.08178805691935,-64.1740885819014],[-61.07945085027331,-64.17428011355938],[-61.080607718755715,-64.17487670068273]]],[[[-61.095309163573376,-64.16120168985867],[-61.09748590916518,-64.16156728788421],[-61.09793128511539,-64.16099942224378],[-61.0962864248716,-64.16028538442048],[-61.095309163573376,-64.16120168985867]]],[[[-61.08922693252938,-64.16617576832378],[-61.085892212628394,-64.17017571771504],[-61.08345204374997,-64.17103686984899],[-61.08261219656671,-64.17259892709203],[-61.083063980347575,-64.1738001854384],[-61.08923759921966,-64.17587677176299],[-61.09765479389991,-64.17744053362601],[-61.106679872053405,-64.17619434501806],[-61.11011854741891,-64.1741096860168],[-61.10911284872631,-64.17284772578061],[-61.109802895334106,-64.17182243951086],[-61.11413748885843,-64.17190466428698],[-61.119968899805116,-64.17031650919908],[-61.12282567408676,-64.16925674542576],[-61.124452954931876,-64.1673008603653],[-61.12425682704254,-64.16597723923675],[-61.12045295423205,-64.1636025221434],[-61.113096247943595,-64.1618686407383],[-61.110265032173224,-64.16016635293687],[-61.104743431723016,-64.15966189285461],[-61.10323608978193,-64.16047374038396],[-61.103090382213495,-64.16133415954697],[-61.10561507309629,-64.16485454596453],[-61.10376681425493,-64.16631571010998],[-61.10112516463186,-64.16646051137181],[-61.091493500377666,-64.16419314403348],[-61.08952027134233,-64.16469738946081],[-61.08922693252938,-64.16617576832378]]],[[[-61.084391705437135,-64.16695748434523],[-61.088060043586694,-64.16757264448846],[-61.08904383786877,-64.16617199386427],[-61.08815916519504,-64.16451830405381],[-61.08527283981629,-64.16507255662172],[-61.084391705437135,-64.16695748434523]]]]}},{"type":"Feature","properties":{"ASPA_No":134,"NAME":"Cierva Point, Danco Coast, Antarctic Peninsula","Propon":"Argentina","DesigInstr":"Rec. XIII-8","Area_km":7.0528,"PrimProtDe":"C","BiodivDesi":1,"EnvDomain":"B","Marine":0,"ACBR":"3"},"geometry":{"type":"Polygon","coordinates":[[[-60.8872835677347,-64.16951853079749],[-60.886404486772605,-64.17463798572258],[-60.889240335476714,-64.17832495043822],[-60.89437026512166,-64.17911958134863],[-60.924610815522286,-64.17280336989698],[-60.94672435699149,-64.1747359368094],[-60.96894333365284,-64.16630712702074],[-60.97183701751306,-64.16380278339481],[-60.972453955513245,-64.16176514967793],[-60.971212585440725,-64.15868102573158],[-60.967071181771466,-64.15668370554857],[-60.955757035285316,-64.15432366966732],[-60.936103625696205,-64.15701678829237],[-60.92557827922201,-64.16050972428776],[-60.92255363609835,-64.16221577715915],[-60.911301138997906,-64.16015287771945],[-60.90244892425798,-64.16046220756716],[-60.89286758909671,-64.1644300592908],[-60.8872835677347,-64.16951853079749]]]}},{"type":"Feature","properties":{"ASPA_No":134,"NAME":"Ites Musgo, Danco Coast, Antarctic Peninsula","Propon":"Argentina","DesigInstr":"Rec. XIII-8","Area_km":0.8658,"PrimProtDe":"C","BiodivDesi":1,"EnvDomain":"B","Marine":0,"ACBR":"3"},"geometry":{"type":"MultiPolygon","coordinates":[[[[-61.05589268179546,-64.16922317290633],[-61.0583203570515,-64.16970291868398],[-61.05872958168769,-64.16890104966656],[-61.05589268179546,-64.16922317290633]]],[[[-61.07229485191866,-64.15610475656418],[-61.07595836484826,-64.15597148684722],[-61.07500134910643,-64.1552321968854],[-61.07229485191866,-64.15610475656418]]],[[[-61.06975742928131,-64.16114167399265],[-61.07224433214886,-64.16078807960021],[-61.06972535831018,-64.1596720071041],[-61.07040076427486,-64.1585636949823],[-61.06744149101551,-64.15848543057255],[-61.06676595600128,-64.1595937271332],[-61.06975742928131,-64.16114167399265]]],[[[-61.06170159094032,-64.16245598699759],[-61.06474025191555,-64.1635069136754],[-61.06582415066994,-64.1623063802982],[-61.06354564067239,-64.16226522372342],[-61.06178926416319,-64.1610256311648],[-61.06180753677031,-64.1596315647101],[-61.06004897145056,-64.15952504668033],[-61.05811977111005,-64.16001301280343],[-61.056012232270184,-64.16218626087897],[-61.058584685297774,-64.16288650273762],[-61.06170159094032,-64.16245598699759]]],[[[-61.045689046067515,-64.16508915115725],[-61.04752565316221,-64.16565171521913],[-61.05284869494899,-64.16518817829383],[-61.053283110475014,-64.16362421928355],[-61.05038285569659,-64.16224871656847],[-61.04852713256903,-64.16263517509492],[-61.04833723306382,-64.1635032372583],[-61.045689046067515,-64.16508915115725]]],[[[-61.04835894992277,-64.16890190788097],[-61.05208609264005,-64.16797358985863],[-61.052477693405734,-64.16723367451942],[-61.05758758912182,-64.16751308906893],[-61.05674593709909,-64.16623724480593],[-61.05401463105037,-64.16645229207181],[-61.05166634116192,-64.1655243021094],[-61.047324955791936,-64.16591055925421],[-61.04049948525487,-64.16418321791996],[-61.03713598243963,-64.16504002055629],[-61.03764288604382,-64.1660764428961],[-61.040041922838896,-64.16598017600923],[-61.04006968289058,-64.16717904028854],[-61.04106349450553,-64.16797532791097],[-61.04835894992277,-64.16890190788097]]],[[[-61.03312901459996,-64.16845704784886],[-61.03767152859982,-64.16658932408522],[-61.03399317303058,-64.1640491096891],[-61.02743000150487,-64.16399371192202],[-61.022882004921456,-64.16537883933812],[-61.02252463588306,-64.16661733062885],[-61.02714511542583,-64.16836297139535],[-61.03312901459996,-64.16845704784886]]],[[[-61.01773652612813,-64.16981259587683],[-61.01949853013186,-64.1688074675154],[-61.0184431714379,-64.16791648846937],[-61.01595896093172,-64.16901204706538],[-61.01773652612813,-64.16981259587683]]]]}},{"type":"Feature","properties":{"ASPA_No":134,"NAME":"Ite Pinguino o Mar, Danco Coast, Antarctic Peninsula","Propon":"Argentina","DesigInstr":"Rec. XIII-8","Area_km":0.2778,"PrimProtDe":"C","BiodivDesi":1,"EnvDomain":"B","Marine":0,"ACBR":"3"},"geometry":{"type":"Polygon","coordinates":[[[-60.97994785626712,-64.14345657501394],[-60.980908827831634,-64.14492186827044],[-60.98237859223493,-64.14519836430898],[-60.98961184401944,-64.14509482061459],[-60.992089409011726,-64.14247466158099],[-60.99183443035994,-64.14119381446658],[-60.98775404920002,-64.14101397354294],[-60.98738578796429,-64.13997783062793],[-60.986409466038886,-64.13994620801883],[-60.98471815707793,-64.14120627075198],[-60.97970743240728,-64.14106585114189],[-60.97994785626712,-64.14345657501394]]]}},{"type":"Feature","properties":{"ASPA_No":135,"NAME":"North-east Bailey Peninsula, Budd Coast, Wilkes Land","Propon":"Australia","DesigInstr":"Rec. XIII-8","Area_km":0.2928,"PrimProtDe":"C","BiodivDesi":1,"EnvDomain":"D","Marine":0,"ACBR":"7"},"geometry":{"type":"Polygon","coordinates":[[[110.55277779999996,-66.28583332999973],[110.54722219999987,-66.2863888899998],[110.5394444,-66.28527777999976],[110.53833330000002,-66.2833333299998],[110.5347222,-66.2816666699998],[110.5366666999999,-66.28083332999974],[110.53861109999997,-66.28194443999975],[110.54555559999984,-66.28166666999975],[110.5530555999999,-66.2849999999997],[110.55277779999996,-66.28583332999973]]]}},{"type":"Feature","properties":{"ASPA_No":136,"NAME":"Clark Peninsula, Budd Coast, Wilkes Land, East Antarctica","Propon":"Australia","DesigInstr":"Rec. XIII-8","Area_km":9.6769,"PrimProtDe":"C","BiodivDesi":1,"EnvDomain":"D","Marine":0,"ACBR":"7"},"geometry":{"type":"Polygon","coordinates":[[[110.57916669999979,-66.26194443999972],[110.5777777999999,-66.26027777999974],[110.58583329999986,-66.25666666999977],[110.56666669999998,-66.25583332999976],[110.55722219999996,-66.25805555999982],[110.53332064128851,-66.25424341188612],[110.53602802240512,-66.25374570862584],[110.53689062224021,-66.252824201752],[110.5360976910634,-66.25237780029693],[110.52736694348827,-66.25300723962792],[110.52630154556665,-66.25226652121057],[110.52990263930424,-66.25044824875258],[110.53568213572083,-66.24956396035762],[110.53829789146052,-66.24827986005903],[110.54093506450488,-66.24824730072658],[110.54256130398758,-66.249586291134],[110.54237671223711,-66.25042736410946],[110.54381070397393,-66.25069704754567],[110.54752221922766,-66.24928608384614],[110.54774665265693,-66.24745538817727],[110.57545305549215,-66.24377905452248],[110.57568712662018,-66.24308888877387],[110.5747850588758,-66.24249880957167],[110.57575454851873,-66.24185732175681],[110.57297653274016,-66.2402599480488],[110.57568696644157,-66.23912798569792],[110.57342861163475,-66.23720191502721],[110.57562956000089,-66.23627060865445],[110.59311670853363,-66.23961428220981],[110.59046330764559,-66.24001998546444],[110.58815761385361,-66.24160182963435],[110.58975048889964,-66.24213985703024],[110.5893644392406,-66.24262331593212],[110.59445875243891,-66.24316064712134],[110.59688948711397,-66.24153505169399],[110.60086822278454,-66.24242003669563],[110.59971682297571,-66.24348912963075],[110.59671378673035,-66.24417667113914],[110.59647693121643,-66.24507772146745],[110.59722873233272,-66.24536673604239],[110.61193165512985,-66.24335873226629],[110.61530665718773,-66.24158180145157],[110.60669243611788,-66.24052845258043],[110.5950540782535,-66.24085741706999],[110.596390767216,-66.24017008898768],[110.59533645332304,-66.23989371164976],[110.59592026608203,-66.23954986027748],[110.60781786387513,-66.23967452741958],[110.62226583006009,-66.24105159309205],[110.62301581439807,-66.24072600248176],[110.62148264713683,-66.23913880230467],[110.6249406518535,-66.23842946558132],[110.64638575896808,-66.23759840691983],[110.65185669564538,-66.24012944332281],[110.65365611788017,-66.24201524350482],[110.6537436202059,-66.24303598023505],[110.65120048121808,-66.24360442495293],[110.65129071390261,-66.244423274242],[110.64812193751888,-66.24617450072617],[110.63674673099,-66.24725178685769],[110.63002077169088,-66.24942494211112],[110.628171386949,-66.25101519363848],[110.62873833239028,-66.25383803012127],[110.62728806298773,-66.25588009228909],[110.62702271793773,-66.2600915080044],[110.62267994131037,-66.26547960015304],[110.61980756908781,-66.26747769701598],[110.61972219999991,-66.26833332999975],[110.57916669999979,-66.26194443999972]]]}},{"type":"Feature","properties":{"ASPA_No":137,"NAME":"North-West White Island, McMurdo Sound","Propon":"United States","DesigInstr":"Rec. XIII-8","Area_km":136.9571,"PrimProtDe":"C","BiodivDesi":1,"EnvDomain":"P","Marine":0,"ACBR":"9"},"geometry":{"type":"Polygon","coordinates":[[[166.99918585591104,-78.15339413072208],[166.99967267855604,-78.08342488081577],[167.0559057427462,-78.06623911857102],[167.07270567043153,-78.06258845349898],[167.09506742550013,-78.05956721316494],[167.13338605906168,-78.04769396793199],[167.1713308532992,-78.04027628842852],[167.17701093674148,-78.03767657240854],[167.17791883281848,-78.03520655606259],[167.17767850993977,-78.03301692018702],[167.18779127267194,-78.02541422835938],[167.18755094364482,-78.02299570990267],[167.1910375808758,-78.01521944973781],[167.1948408322625,-78.01327204699943],[167.19802610271176,-78.00991320604825],[167.1971639813851,-78.0091388224445],[167.1975645262253,-78.00866389235307],[167.21146528422102,-77.99804186777233],[167.22334806501465,-77.99230265573995],[167.24041883274157,-77.98580813407331],[167.2679571323373,-77.9780929086412],[167.28768293159214,-77.97404170040488],[167.33638898848554,-77.96587824768929],[167.3795904337072,-77.96154856705249],[167.42478696939105,-77.95901179309145],[167.49311582515912,-77.95864558161287],[167.52142087778208,-77.95938754059286],[167.5828451348799,-77.96287226652069],[167.6377157416671,-77.96890902544038],[167.67652647239146,-77.97542262049011],[167.69764448555708,-77.98049339670942],[167.72675187388808,-77.98849064209456],[167.7483646203114,-77.99668915816032],[167.7685986225961,-78.00600937706025],[167.7775139877066,-78.01188185806588],[167.54628125921883,-78.01239657411745],[167.5282530012287,-78.0070769784241],[167.50669614813268,-78.00425600999934],[167.46516172262034,-78.00301241896601],[167.44754926564445,-78.00424075136546],[167.426209851045,-78.00846743609591],[167.41172544276125,-78.01460719087632],[167.40770093793603,-78.02031779286257],[167.40338270400173,-78.02315974201993],[167.40490095058075,-78.0267379286499],[167.40539304850287,-78.03060603101109],[167.40536252877988,-78.03325533824223],[167.40411893920992,-78.03523135153911],[167.4007238569822,-78.03728556594125],[167.3903326232914,-78.04096674923466],[167.3934683020133,-78.04318308832995],[167.39333097429886,-78.04385828962657],[167.38557187905516,-78.04718470551434],[167.3800710857441,-78.05099940253461],[167.37549344928703,-78.05260729764412],[167.37459318354198,-78.05356478650796],[167.37632505588968,-78.0582740308367],[167.37094633003784,-78.06134676907178],[167.35806791500085,-78.06646227804671],[167.34336607142998,-78.0705668924529],[167.3158773619401,-78.07472300537346],[167.30090848959074,-78.0761363501556],[167.2985548209982,-78.07666087179788],[167.29602186139735,-78.07910037032903],[167.27794782619404,-78.08284258851302],[167.27446119159055,-78.08601260149001],[167.27596418559028,-78.08824038527274],[167.27574293234582,-78.08998560857961],[167.2741674621702,-78.09174227700701],[167.27237455278052,-78.09220766994163],[167.25554792388758,-78.09418940493674],[167.2451948352449,-78.09416270206344],[167.23628370343368,-78.09310030890677],[167.2211431683748,-78.09524989123254],[167.22004072293012,-78.09666514392492],[167.22025434628515,-78.10081171966932],[167.21872083821475,-78.10290789626885],[167.21495572983704,-78.10618662864398],[167.20563642548868,-78.1104781629748],[167.2039579587088,-78.11172556865587],[167.20386258951748,-78.11268305792716],[167.20844022837377,-78.11534380917922],[167.20689909039763,-78.11888766292098],[167.20810072057373,-78.12108302139968],[167.22052137407346,-78.1262595649842],[167.22192899527255,-78.12798762297358],[167.22156659992547,-78.12906336745603],[167.21941129682824,-78.13216662354715],[167.20655576499863,-78.1366469860696],[167.20218412333176,-78.13972163146038],[167.1962408248044,-78.14009737993241],[167.17906324310337,-78.13881754838089],[167.1348814197642,-78.14100527705074],[167.10736601061996,-78.1463191511572],[167.09856550388554,-78.14924883811052],[167.09261838847647,-78.15282893199824],[167.085988445177,-78.15405917145084],[167.0695127686942,-78.15287470765075],[166.99918585591104,-78.15339413072208]]]}},{"type":"Feature","properties":{"ASPA_No":138,"NAME":"Linnaeus Terrace, Asgard Range, Victoria Land","Propon":"United States","DesigInstr":"Rec. XIII-8","Area_km":0.7579,"PrimProtDe":"C","BiodivDesi":1,"EnvDomain":"S","Marine":0,"ACBR":"9"},"geometry":{"type":"Polygon","coordinates":[[[161.06319992426074,-77.59888306431272],[161.05686064956032,-77.59690132578591],[161.06201602604878,-77.59564274631165],[161.0523162444287,-77.59394116882731],[161.11272501150594,-77.59556704105081],[161.10489215681395,-77.59841684802447],[161.08528510972073,-77.60366560837485],[161.07887326871528,-77.60268453280752],[161.07925103918043,-77.60225763435292],[161.07823661058168,-77.60118328493485],[161.06319992426074,-77.59888306431272]]]}},{"type":"Feature","properties":{"ASPA_No":139,"NAME":"Biscoe Point, Anvers Island, Palmer Archipelago","Propon":"United States","DesigInstr":"Rec. XIII-8","Area_km":0.5264,"PrimProtDe":"C","BiodivDesi":1,"EnvDomain":"E","Marine":0,"ACBR":"3"},"geometry":{"type":"MultiPolygon","coordinates":[[[[-63.789399868911566,-64.81368977390963],[-63.78939962253161,-64.81358880824148],[-63.78922014610089,-64.81365611172234],[-63.789399868911566,-64.81368977390963]]],[[[-63.78587866293112,-64.81062686699421],[-63.787831574755074,-64.81087084131977],[-63.789299541732,-64.81072362549814],[-63.78865689790484,-64.8103806663448],[-63.78587866293112,-64.81062686699421]]],[[[-63.78353880236875,-64.81091584286108],[-63.7835792013587,-64.81098240531169],[-63.78377674437019,-64.81096649293087],[-63.78353880236875,-64.81091584286108]]],[[[-63.78356798735212,-64.81106919952661],[-63.78362581724422,-64.81101886877939],[-63.78338097144568,-64.81102079570634],[-63.78356798735212,-64.81106919952661]]],[[[-63.7836821397516,-64.8104435154076],[-63.78397618526348,-64.81055433790122],[-63.784035081413414,-64.81051393934274],[-63.7836821397516,-64.8104435154076]]],[[[-63.78377576039321,-64.81035565530941],[-63.783839354730205,-64.81041004050397],[-63.783848220186314,-64.81037131700835],[-63.78377576039321,-64.81035565530941]]],[[[-63.78380647797053,-64.81011229011274],[-63.78522149276422,-64.81104646561805],[-63.78591133811585,-64.81084024449692],[-63.7854114149393,-64.81064326341952],[-63.787197534515585,-64.81038191516173],[-63.78380647797053,-64.81011229011274]]],[[[-63.7835499166444,-64.81020628040149],[-63.783304443079246,-64.81040110517161],[-63.783579168975386,-64.81035524181188],[-63.7835499166444,-64.81020628040149]]],[[[-63.776645022589605,-64.8134699943424],[-63.776646328835966,-64.8134705240134],[-63.77664489895393,-64.81346992042282],[-63.776645022589605,-64.8134699943424]]],[[[-63.776645022589605,-64.8134699943424],[-63.77637973426252,-64.81342008950995],[-63.77626042440937,-64.81344092332323],[-63.77672681771129,-64.81354979708489],[-63.776645022589605,-64.8134699943424]]],[[[-63.77475137475207,-64.81296278229591],[-63.7749646034923,-64.81289783604727],[-63.774655199341176,-64.81292593522787],[-63.77475137475207,-64.81296278229591]]],[[[-63.77796872058106,-64.80960878969738],[-63.777950294879794,-64.80970485686461],[-63.7780627984251,-64.80963526554744],[-63.77796872058106,-64.80960878969738]]],[[[-63.77784126317033,-64.80962774093283],[-63.77784168427885,-64.80962786554377],[-63.77784167873619,-64.8096274052369],[-63.77784126317033,-64.80962774093283]]],[[[-63.77784126317033,-64.80962774093283],[-63.77778089916286,-64.8095884620093],[-63.77771171621268,-64.80957113010074],[-63.777738282393386,-64.80963862508574],[-63.77784126317033,-64.80962774093283]]],[[[-63.772347973796315,-64.81401567012453],[-63.77260143231005,-64.81425453089915],[-63.77331811999273,-64.81408996905407],[-63.772347973796315,-64.81401567012453]]],[[[-63.77845789423177,-64.8094596442178],[-63.777610516903025,-64.80939246191163],[-63.778191613837855,-64.8095560345037],[-63.77845789423177,-64.8094596442178]]],[[[-63.77232196917943,-64.8136814389687],[-63.77320098231076,-64.8136889832316],[-63.77250355442535,-64.81363895439317],[-63.77232196917943,-64.8136814389687]]],[[[-63.772945963907254,-64.8138622408056],[-63.77279827180066,-64.8137170406777],[-63.772157590080646,-64.81375729635073],[-63.772945963907254,-64.8138622408056]]],[[[-63.77124163477528,-64.80978525633215],[-63.77170692159669,-64.80981051816507],[-63.77185941052516,-64.80974378863698],[-63.77124163477528,-64.80978525633215]]],[[[-63.77029537676698,-64.80959719782885],[-63.77023934179592,-64.8097178359666],[-63.77061692099917,-64.80968490506527],[-63.77029537676698,-64.80959719782885]]],[[[-63.76972032473816,-64.8096096004446],[-63.76983675766711,-64.80955717760163],[-63.76964212154954,-64.80958600850731],[-63.76972032473816,-64.8096096004446]]],[[[-63.7687778954914,-64.80948551113848],[-63.76944550776648,-64.80941548404664],[-63.7686321135395,-64.80938609428291],[-63.7687778954914,-64.80948551113848]]],[[[-63.76536565603269,-64.81132688603456],[-63.765550307208954,-64.81140224883919],[-63.765571753503856,-64.81135401649405],[-63.76536565603269,-64.81132688603456]]],[[[-63.76496566075874,-64.81154184737437],[-63.76528414254326,-64.81146924067215],[-63.76476266947381,-64.81150352035836],[-63.76496566075874,-64.81154184737437]]],[[[-63.764938070166956,-64.81137332116863],[-63.76488693021995,-64.81146059157233],[-63.765020504063486,-64.81138407625996],[-63.764938070166956,-64.81137332116863]]],[[[-63.764908280123365,-64.80899217434781],[-63.76501426643342,-64.80908185165707],[-63.765042119195755,-64.80905926650387],[-63.764908280123365,-64.80899217434781]]],[[[-63.76304211283824,-64.80864044741298],[-63.76203631132579,-64.80874500173363],[-63.763159377879134,-64.80886217235145],[-63.76304211283824,-64.80864044741298]]],[[[-63.75679515187087,-64.81045884982306],[-63.76550254634725,-64.81066302402755],[-63.766877127402516,-64.81169404008787],[-63.76411967558499,-64.81207574284392],[-63.76445400035408,-64.81248698204439],[-63.774374984612706,-64.81340651060731],[-63.769833176514965,-64.81144433394084],[-63.771236478800475,-64.81139234237978],[-63.77824892749539,-64.81307212455833],[-63.78170239812903,-64.81473436077478],[-63.78991978006105,-64.81419645773944],[-63.786866974683605,-64.8134917992175],[-63.786952451546995,-64.81287696813786],[-63.794782227222164,-64.81322606019847],[-63.7832525263595,-64.81143767350392],[-63.78337632807145,-64.81087575238135],[-63.784544062548996,-64.8109403601424],[-63.780759572791055,-64.81069469806401],[-63.78099450678953,-64.80993039400154],[-63.78230749897618,-64.80990048436156],[-63.77934392379666,-64.80918171225963],[-63.777878120965546,-64.80977423252128],[-63.77157112740973,-64.80959716681004],[-63.773710727271066,-64.80997418341293],[-63.772652899444346,-64.81019409749847],[-63.76873655718021,-64.80983184131071],[-63.76923986025768,-64.81034642701151],[-63.7620426750729,-64.80886084875438],[-63.75679515187087,-64.81045884982306]]]]}},{"type":"Feature","properties":{"ASPA_No":139,"NAME":"Unnamed Promonotory, Anvers Island, Palmer Archipelago","Propon":"United States","DesigInstr":"Rec. XIII-8","Area_km":0.0983,"PrimProtDe":"C","BiodivDesi":1,"EnvDomain":"E","Marine":0,"ACBR":"3"},"geometry":{"type":"Polygon","coordinates":[[[-63.76779521199463,-64.80661058341401],[-63.77767977092776,-64.80702759845155],[-63.77592730413931,-64.80647137062434],[-63.777717452643635,-64.80608967973073],[-63.783952071339755,-64.80611666603181],[-63.77658552414279,-64.8049832061107],[-63.77403406537612,-64.80589287393336],[-63.76809997055489,-64.80538937223123],[-63.76779521199463,-64.80661058341401]]]}},{"type":"Feature","properties":{"ASPA_No":140,"NAME":"Site L, South East Point, Parts of Deception Island, South Shetland Islands","Propon":"United Kingdom","DesigInstr":"Rec. XIII-8","Area_km":0.0166,"PrimProtDe":"E","BiodivDesi":1,"EnvDomain":"B","Marine":0,"ACBR":"3"},"geometry":{"type":"Polygon","coordinates":[[[-60.51694444000004,-62.98138888999942],[-60.51638888999993,-62.98222221999945],[-60.52027778,-62.982499999999455],[-60.52055556,-62.98194443999944],[-60.51694444000004,-62.98138888999942]]]}},{"type":"Feature","properties":{"ASPA_No":140,"NAME":"Site A, Collins Point, Parts of Deception Island, South Shetland Islands","Propon":"United Kingdom","DesigInstr":"Rec. XIII-8","Area_km":0.7447,"PrimProtDe":"E","BiodivDesi":1,"EnvDomain":"B","Marine":0,"ACBR":"3"},"geometry":{"type":"Polygon","coordinates":[[[-60.58861110999987,-62.996388889999416],[-60.58,-62.999722219999455],[-60.56861110999984,-62.996944439999425],[-60.56527777999997,-62.99722221999942],[-60.564166669999985,-63.00166666999939],[-60.57416666999997,-63.004444439999425],[-60.58138888999998,-63.00416666999945],[-60.5875,-63.0016666699994],[-60.589260386125694,-62.999919194096044],[-60.58861110999987,-62.996388889999416]]]}},{"type":"Feature","properties":{"ASPA_No":140,"NAME":"Site K, Roland Hill to Kroner Lake, Parts of Deception Island, South Shetland Islands","Propon":"United Kingdom","DesigInstr":"Rec. XIII-8","Area_km":0.307,"PrimProtDe":"E","BiodivDesi":1,"EnvDomain":"B","Marine":0,"ACBR":"3"},"geometry":{"type":"Polygon","coordinates":[[[-60.57888889000008,-62.97333332999943],[-60.57277777999992,-62.973611109999425],[-60.572222219999816,-62.97555555999943],[-60.5741666699999,-62.9761111099994],[-60.575,-62.978055559999405],[-60.57166666999982,-62.978888889999396],[-60.571666669999935,-62.9805555599994],[-60.57722221999999,-62.982777779999445],[-60.58138888999998,-62.98027777999946],[-60.57777777999993,-62.978055559999376],[-60.57888889000008,-62.97333332999943]]]}},{"type":"Feature","properties":{"ASPA_No":140,"NAME":"Site F, Telefon Bay, Parts of Deception Island, South Shetland Islands","Propon":"United Kingdom","DesigInstr":"Rec. XIII-8","Area_km":0.5807,"PrimProtDe":"E","BiodivDesi":1,"EnvDomain":"B","Marine":0,"ACBR":"3"},"geometry":{"type":"Polygon","coordinates":[[[-60.68126819549666,-62.92653110107295],[-60.6828710317102,-62.92522864219757],[-60.68694444000007,-62.92499999999944],[-60.68527777999991,-62.92249999999938],[-60.671388889999946,-62.917222219999374],[-60.66831251370529,-62.919400521349324],[-60.66213964423301,-62.91998893438494],[-60.67118450110653,-62.92225749290918],[-60.67305496931406,-62.92424641603024],[-60.676589470684185,-62.925826348152015],[-60.68126819549666,-62.92653110107295]]]}},{"type":"Feature","properties":{"ASPA_No":140,"NAME":"Site D, Fulmarole Bay, Parts of Deception Island, South Shetland Islands","Propon":"United Kingdom","DesigInstr":"Rec. XIII-8","Area_km":0.1012,"PrimProtDe":"E","BiodivDesi":1,"EnvDomain":"B","Marine":0,"ACBR":"3"},"geometry":{"type":"Polygon","coordinates":[[[-60.720277779999904,-62.96194443999939],[-60.71805555999999,-62.96166666999945],[-60.71449881959425,-62.96583188472567],[-60.711666670000035,-62.96777777999942],[-60.71740296333318,-62.96613702304655],[-60.720107659797144,-62.96319630844869],[-60.720277779999904,-62.96194443999939]]]}},{"type":"Feature","properties":{"ASPA_No":140,"NAME":"Site J, Perchuc Cone, Parts of Deception Island, South Shetland Islands","Propon":"United Kingdom","DesigInstr":"Rec. XIII-8","Area_km":0.002,"PrimProtDe":"E","BiodivDesi":1,"EnvDomain":"B","Marine":0,"ACBR":"3"},"geometry":{"type":"Polygon","coordinates":[[[-60.56118569162831,-62.967009178814926],[-60.56026142791522,-62.96737185046147],[-60.561421702967706,-62.96712363889369],[-60.56118569162831,-62.967009178814926]]]}},{"type":"Feature","properties":{"ASPA_No":140,"NAME":"Site G, Slope behind Pendulum Cove, Parts of Deception Island, South Shetland Islands","Propon":"United Kingdom","DesigInstr":"Rec. XIII-8","Area_km":0.1342,"PrimProtDe":"E","BiodivDesi":1,"EnvDomain":"B","Marine":0,"ACBR":"3"},"geometry":{"type":"Polygon","coordinates":[[[-60.58749999999986,-62.93611110999937],[-60.57805555999977,-62.93888888999938],[-60.57888888999999,-62.94111110999939],[-60.587453867159546,-62.93863287572832],[-60.58749999999986,-62.93611110999937]]]}},{"type":"Feature","properties":{"ASPA_No":140,"NAME":"Site B, Crater Lake, Parts of Deception Island, South Shetland Islands","Propon":"United Kingdom","DesigInstr":"Rec. XIII-8","Area_km":0.4826,"PrimProtDe":"E","BiodivDesi":1,"EnvDomain":"B","Marine":0,"ACBR":"3"},"geometry":{"type":"Polygon","coordinates":[[[-60.67361111000005,-62.98222221999947],[-60.66722221999987,-62.97999999999939],[-60.6625,-62.98055555999946],[-60.66444443999994,-62.98222221999941],[-60.66027777999999,-62.98361110999939],[-60.66305555999988,-62.9863888899994],[-60.6625,-62.98833332999944],[-60.670833329999965,-62.98777777999946],[-60.67527777999994,-62.984444439999386],[-60.67361111000005,-62.98222221999947]]]}},{"type":"Feature","properties":{"ASPA_No":140,"NAME":"Site E, West of Stonethrow Ridge, Parts of Deception Island, South Shetland Islands","Propon":"United Kingdom","DesigInstr":"Rec. XIII-8","Area_km":0.0139,"PrimProtDe":"E","BiodivDesi":1,"EnvDomain":"B","Marine":0,"ACBR":"3"},"geometry":{"type":"Polygon","coordinates":[[[-60.73611110999987,-62.96416666999938],[-60.73333332999995,-62.96416666999938],[-60.73333332999989,-62.964999999999364],[-60.73611111,-62.96499999999941],[-60.73611110999987,-62.96416666999938]]]}},{"type":"Feature","properties":{"ASPA_No":140,"NAME":"Site C, Caliente Hill, Parts of Deception Island, South Shetland Islands","Propon":"United Kingdom","DesigInstr":"Rec. XIII-8","Area_km":0.0292,"PrimProtDe":"E","BiodivDesi":1,"EnvDomain":"B","Marine":0,"ACBR":"3"},"geometry":{"type":"Polygon","coordinates":[[[-60.714166669999784,-62.97361110999936],[-60.7117128691007,-62.97322206819826],[-60.70777777999992,-62.97416666999941],[-60.709166670000016,-62.974722219999435],[-60.714166669999784,-62.97361110999936]]]}},{"type":"Feature","properties":{"ASPA_No":140,"NAME":"Site H, Mount Pond, Parts of Deception Island, South Shetland Islands","Propon":"United Kingdom","DesigInstr":"Rec. XIII-8","Area_km":0.5121,"PrimProtDe":"E","BiodivDesi":1,"EnvDomain":"B","Marine":0,"ACBR":"3"},"geometry":{"type":"Polygon","coordinates":[[[-60.57833332999987,-62.93083332999941],[-60.5583333299999,-62.93083332999943],[-60.55833332999999,-62.93666666999944],[-60.563333329999836,-62.93666666999942],[-60.578333329999985,-62.93249999999942],[-60.57833332999987,-62.93083332999941]]]}},{"type":"Feature","properties":{"ASPA_No":141,"NAME":"Yukidori Valley, Langhovde, Lutzow-Holm Bay","Propon":"Japan","DesigInstr":"Rec. XIV-5","Area_km":5.219,"PrimProtDe":"B","BiodivDesi":1,"EnvDomain":"D","Marine":0,"ACBR":"5"},"geometry":{"type":"Polygon","coordinates":[[[39.79999999999986,-69.2333333299999],[39.8,-69.2499999999998],[39.75555556000007,-69.24999999999987],[39.72642077403192,-69.24382812366201],[39.717333330000066,-69.24388888999991],[39.715313759689046,-69.24275399350132],[39.71723806699009,-69.24153951500872],[39.71597976767819,-69.2407142119635],[39.71959381706534,-69.24021959896453],[39.72096632455041,-69.23941021578325],[39.72,-69.23805555999985],[39.72305556000007,-69.23694443999985],[39.7278996277335,-69.23646446437048],[39.73310860891816,-69.23713206008874],[39.73422750007514,-69.23625317889484],[39.73338889000003,-69.23333332999988],[39.79999999999986,-69.2333333299999]]]}},{"type":"Feature","properties":{"ASPA_No":142,"NAME":"Svarthamaren, Mühlig-Hofmannfjella, Dronning Maud Land","Propon":"Norway","DesigInstr":"Rec. XIV-5","Area_km":7.6077,"PrimProtDe":"C","BiodivDesi":1,"EnvDomain":"T","Marine":0,"ACBR":"6"},"geometry":{"type":"Polygon","coordinates":[[[5.213161313493345,-71.9280029588998],[5.192620387156897,-71.91799644769081],[5.182244959034353,-71.9195780297542],[5.16892262684645,-71.91579930959159],[5.156686367416999,-71.91216839944148],[5.130279177833931,-71.90036167670019],[5.143341733330853,-71.89270729900215],[5.156953839814947,-71.88746139654954],[5.1599120436195,-71.8881898385485],[5.179562346525343,-71.89769529236418],[5.191607305414101,-71.89989997188437],[5.211247420707341,-71.90955386472889],[5.219531891012108,-71.91201881521553],[5.223049000656078,-71.9192716544588],[5.236802119302365,-71.92628143352015],[5.240596726837347,-71.92975449914395],[5.253451130908815,-71.92900610294356],[5.267910941337811,-71.93107584022927],[5.25995513482367,-71.93641256946418],[5.239802461701805,-71.93671726646632],[5.227130030632066,-71.92999414125867],[5.213161313493345,-71.9280029588998]]]}},{"type":"Feature","properties":{"ASPA_No":143,"NAME":"Marine Plain, Mule Peninsula, Vestfold Hills, Princess Elizabeth Land","Propon":"Australia","DesigInstr":"Rec. XIV-5","Area_km":20.748,"PrimProtDe":"B","BiodivDesi":1,"EnvDomain":"D","Marine":0,"ACBR":"7"},"geometry":{"type":"Polygon","coordinates":[[[78.10886578002024,-68.64660647490393],[78.0939008673113,-68.64489871860825],[78.08103041144018,-68.64463039193419],[78.08050914123524,-68.64437562543623],[78.08777893571936,-68.64263967024148],[78.08803323324129,-68.64182816376918],[78.08454348567014,-68.64037934134566],[78.07784710195116,-68.63982977823994],[78.06872856089045,-68.63777121852107],[78.07215942075842,-68.63515808334836],[78.07294068750593,-68.63317124275706],[78.07523207100489,-68.63301854793039],[78.07498739736528,-68.63175186528383],[78.07745733065784,-68.63147310388553],[78.07764712258287,-68.63292054965885],[78.08161263914732,-68.63392163180211],[78.083933621023,-68.63252983343736],[78.08453100148776,-68.63309096735132],[78.08696430889552,-68.63254819911903],[78.08511998369806,-68.63088509709502],[78.0854070448345,-68.62785345068524],[78.08302294409154,-68.6273061341746],[78.08401445298375,-68.62626165022205],[78.0819240412784,-68.62632837731222],[78.08183244951611,-68.62741876643584],[78.0791944148516,-68.62921382529765],[78.07634743933026,-68.62974978947746],[78.06899396173013,-68.6289224015419],[78.0612687526997,-68.62964121473918],[78.05522033341664,-68.62810220726729],[78.05000002713406,-68.62877683494433],[78.0500000254885,-68.6249999867916],[78.09416700540102,-68.61555599065862],[78.15777799575514,-68.60944399583789],[78.17500001364314,-68.61249999326397],[78.20833334565664,-68.62499998663274],[78.20833334690512,-68.65232191772131],[78.19938942793233,-68.65238960773496],[78.19275044071311,-68.65139974209265],[78.18635141599938,-68.65234882032102],[78.18262771718518,-68.65123074645544],[78.17587882924416,-68.65111844057043],[78.16497026530907,-68.64891665828351],[78.16849438215478,-68.64805854644831],[78.16495158122203,-68.64716088980278],[78.16106923512639,-68.64788516322328],[78.16342283442303,-68.64848549781283],[78.16202970004849,-68.64861479077832],[78.1522115648608,-68.64706484480851],[78.1481509482408,-68.64607095605668],[78.14696565136046,-68.6443288867223],[78.14472466941452,-68.6437484074355],[78.1377483029397,-68.64484772695207],[78.14606052054856,-68.64582094099642],[78.12552942593774,-68.64573284248026],[78.12322695700325,-68.64781290494267],[78.1137137725343,-68.64701499786504],[78.1117607421869,-68.64618332832792],[78.10886578002024,-68.64660647490393]]]}},{"type":"Feature","properties":{"ASPA_No":145,"NAME":"Port Foster, Deception Island, South Shetland Islands","Propon":"Chile","DesigInstr":"Rec. XIV-5","Area_km":2.3302,"PrimProtDe":"E","BiodivDesi":1,"EnvDomain":"NotSpecified","Marine":1,"ACBR":"NA"},"geometry":{"type":"MultiPolygon","coordinates":[[[[-60.60555555999987,-62.96499999999944],[-60.62222221999991,-62.964999999999364],[-60.622222219999976,-62.95333332999941],[-60.60555555999976,-62.95333332999941],[-60.60555555999987,-62.96499999999944]]],[[[-60.617447345099755,-62.93793909394315],[-60.63411481749311,-62.93793899042485],[-60.634114468360266,-62.92627226027197],[-60.61744699633004,-62.926272363785465],[-60.617447345099755,-62.93793909394315]]]]}},{"type":"Feature","properties":{"ASPA_No":146,"NAME":"South Bay, Doumer Island, Palmer Archipelago","Propon":"Chile","DesigInstr":"Rec. XIV-5","Area_km":1.0027,"PrimProtDe":"E","BiodivDesi":1,"EnvDomain":"NotSpecified","Marine":1,"ACBR":"NA"},"geometry":{"type":"Polygon","coordinates":[[[-63.58652583562643,-64.86525678114232],[-63.5597743084557,-64.86525196228452],[-63.55872025368928,-64.86599656636446],[-63.560783550550106,-64.86658867682199],[-63.55737285955298,-64.86675948301645],[-63.556698645362445,-64.86744625379616],[-63.560502490482236,-64.86902678547062],[-63.58158773502627,-64.87412023972966],[-63.58652867843791,-64.87434044487102],[-63.58652583562643,-64.86525678114232]]]}},{"type":"Feature","properties":{"ASPA_No":147,"NAME":"Ablation Valley And Ganymede Heights, Alexander Island","Propon":"United Kingdom","DesigInstr":"Rec. XV-6","Area_km":102.0845,"PrimProtDe":"F","BiodivDesi":0,"EnvDomain":"E","Marine":0,"ACBR":"4"},"geometry":{"type":"MultiPolygon","coordinates":[[[[-68.52935367312091,-70.80693490886524],[-68.5309609375874,-70.80705575122597],[-68.53097302201854,-70.80705544870986],[-68.52935367312091,-70.80693490886524]]],[[[-68.53036241179528,-70.80707073338311],[-68.52821492698516,-70.80685013384267],[-68.52935367312091,-70.80693490886524],[-68.5253350003529,-70.80649317091009],[-68.52086797541358,-70.80528042954631],[-68.51202951350044,-70.80459401176044],[-68.50240839927089,-70.80220897360891],[-68.49948727870199,-70.80056561106608],[-68.50204088038477,-70.79757502535745],[-68.5025899027145,-70.79520085547483],[-68.50406102696161,-70.79407524407719],[-68.49984172784357,-70.7896353457639],[-68.49434473787036,-70.7871587812985],[-68.48857144961876,-70.78617986811138],[-68.47091276961767,-70.78696030157276],[-68.4741551567183,-70.7819538080768],[-68.4300058049264,-70.77444812379551],[-68.4002303859465,-70.77386183999248],[-68.3710315929264,-70.7819290649761],[-68.34543094493705,-70.80214409992996],[-68.3411156883504,-70.83823061408825],[-68.31138888999975,-70.85472221999991],[-68.30694444000004,-70.86777778000001],[-68.3174999999999,-70.87888889000001],[-68.31417157467288,-70.88422407710159],[-68.31340927225848,-70.88949546968587],[-68.31784385881595,-70.90023604563899],[-68.31809610281762,-70.90644044624673],[-68.31972221999992,-70.91194444],[-68.35835538184841,-70.9281082907475],[-68.39044627980302,-70.92669586356627],[-68.39525190228836,-70.92874001698875],[-68.46100835988646,-70.91477685473265],[-68.46633536291951,-70.91752917438673],[-68.49976259099802,-70.88407866720945],[-68.51859069112086,-70.88380750335088],[-68.52499328244785,-70.87723440372612],[-68.53237317290339,-70.87406014358727],[-68.53382559795693,-70.87097627244484],[-68.53279785679139,-70.86921560615002],[-68.52644684474969,-70.8674831155359],[-68.50844828589055,-70.86537137743183],[-68.5040098463703,-70.8611424824306],[-68.494640014235,-70.857499221517],[-68.48440241077569,-70.85555581558862],[-68.4719356928732,-70.85471432081982],[-68.4588394758026,-70.84600002678492],[-68.45354731044169,-70.84554225610134],[-68.44982954802651,-70.84422363121259],[-68.44884665743344,-70.84245590054266],[-68.45119968767558,-70.8406741085772],[-68.44759551300167,-70.83861690922402],[-68.45973943205428,-70.83634464982983],[-68.46332883515974,-70.8336261616803],[-68.47154618343404,-70.832018782978],[-68.52059204449965,-70.8349691095605],[-68.5321281682329,-70.83225207760586],[-68.54845216483024,-70.83161806512123],[-68.55632408282283,-70.83218387340355],[-68.56477147951632,-70.83139708039899],[-68.57734655477465,-70.82888922908907],[-68.57492064542126,-70.82623023944348],[-68.57458509344691,-70.8214783547124],[-68.57332988396274,-70.82023838765406],[-68.57036243532939,-70.8187524145476],[-68.56343108807896,-70.81778600607028],[-68.55853226733483,-70.81616081785621],[-68.55973845830549,-70.81461284124629],[-68.55990025846708,-70.81080068257725],[-68.55248364022168,-70.80868975957043],[-68.5510133406301,-70.8071190567602],[-68.5490936622305,-70.80645102642683],[-68.54385440851964,-70.80678784403226],[-68.53120707743327,-70.80707286977679],[-68.53036241179528,-70.80707073338311]]]]}},{"type":"Feature","properties":{"ASPA_No":148,"NAME":"Mount Flora, Hope Bay, Antarctic Peninsula","Propon":"Argentina, United Kingdom","DesigInstr":"Rec. XV-6","Area_km":0.2099,"PrimProtDe":"F","BiodivDesi":0,"EnvDomain":"A","Marine":0,"ACBR":"1"},"geometry":{"type":"Polygon","coordinates":[[[-57.021625415398006,-63.415050011207775],[-57.02453311681301,-63.41477416600716],[-57.02888002547436,-63.4164979498958],[-57.03391804802116,-63.41658074460046],[-57.03503183932898,-63.415747470143806],[-57.03150602814265,-63.4137992427377],[-57.014388889999964,-63.411805559999486],[-57.020128502432264,-63.413476866195026],[-57.021625415398006,-63.415050011207775]]]}},{"type":"Feature","properties":{"ASPA_No":149,"NAME":"Cape Shirreff and San Telmo Island, Livingston Island, South Shetland Islands","Propon":"United States","DesigInstr":"Rec. IV-11","Area_km":11.2205,"PrimProtDe":"E","BiodivDesi":1,"EnvDomain":"G","Marine":0,"ACBR":"3"},"geometry":{"type":"Polygon","coordinates":[[[-60.774462809105394,-62.464571572916356],[-60.77142091098481,-62.46430831779785],[-60.769026102603384,-62.46520570599663],[-60.76871570074493,-62.466999857300856],[-60.769505514605086,-62.46829125235099],[-60.76718206395659,-62.46932934738958],[-60.76657304303238,-62.47096178051217],[-60.76437724321005,-62.473024992406806],[-60.7676820912899,-62.47759262965756],[-60.77274348187704,-62.4774687941115],[-60.77642244982816,-62.47915349210386],[-60.77643249283162,-62.48056413770071],[-60.770575148303664,-62.48269733784344],[-60.77436243379695,-62.48490414170764],[-60.78500308160313,-62.48488762972425],[-60.81681833737292,-62.491706377467096],[-60.82654937972772,-62.491615456599924],[-60.84062941367703,-62.48347900929248],[-60.83835310439403,-62.46664349093723],[-60.81204927898538,-62.460613588647746],[-60.80213590500926,-62.46016534253883],[-60.799679613414625,-62.45872634865314],[-60.78846819974784,-62.45645139001765],[-60.7854210081643,-62.457258199849534],[-60.78480137642132,-62.45835749449566],[-60.78585914831435,-62.4591842562305],[-60.78335825544258,-62.46023473980938],[-60.78111446591938,-62.46260698304269],[-60.774462809105394,-62.464571572916356]]]}},{"type":"Feature","properties":{"ASPA_No":150,"NAME":"Ardley Island, Maxwell Bay, King George Island (25 de Mayo)","Propon":"Chile","DesigInstr":"Rec. XVI-2","Area_km":1.2581,"PrimProtDe":"C","BiodivDesi":1,"EnvDomain":"G","Marine":0,"ACBR":"3"},"geometry":{"type":"Polygon","coordinates":[[[-58.940511901267094,-62.208470789858225],[-58.93031566969655,-62.20990932970875],[-58.92611110999988,-62.20944443999922],[-58.92056486496078,-62.211395088834884],[-58.91636444994218,-62.21043612967799],[-58.914728279417716,-62.212922970342326],[-58.9167942297158,-62.21386489985161],[-58.917318669674735,-62.21503354996536],[-58.91644972985983,-62.215823789837366],[-58.919368060333554,-62.217983770446395],[-58.924931040562676,-62.216144040169624],[-58.93638163892528,-62.21690202000804],[-58.93693677986241,-62.21605586993767],[-58.941052230831424,-62.21458266975926],[-58.948069848912404,-62.21384933017425],[-58.9495576594014,-62.21262761031774],[-58.95007959970948,-62.210493309610115],[-58.95323667030332,-62.209534949656444],[-58.947474899851855,-62.209934909617985],[-58.940511901267094,-62.208470789858225]]]}},{"type":"Feature","properties":{"ASPA_No":151,"NAME":"Lions Rump, King George Island, South Shetland Islands","Propon":"Poland","DesigInstr":"Rec. XVI-2","Area_km":1.5402,"PrimProtDe":"C","BiodivDesi":1,"EnvDomain":"A","Marine":0,"ACBR":"3"},"geometry":{"type":"Polygon","coordinates":[[[-58.151876697931414,-62.12835626478702],[-58.116887646798546,-62.13109519564533],[-58.12280888747288,-62.13947886382715],[-58.12657758720962,-62.13802130370547],[-58.15338778990495,-62.13520260886309],[-58.151876697931414,-62.12835626478702]]]}},{"type":"Feature","properties":{"ASPA_No":152,"NAME":"Western Bransfield Strait","Propon":"United States","DesigInstr":"Rec. XVI-3","Area_km":960.6328,"PrimProtDe":"E","BiodivDesi":1,"EnvDomain":"NotSpecified","Marine":1,"ACBR":"NA"},"geometry":{"type":"Polygon","coordinates":[[[-62.18092162828254,-63.35102039629723],[-62.18441609115155,-63.3493238672993],[-62.17808273498269,-63.34568554971149],[-62.17339125003529,-63.34663217527428],[-62.172662931763256,-63.345988861063994],[-62.17129710490804,-63.347076883227814],[-62.17146263676653,-63.34968496931017],[-62.1678044353452,-63.35263353141129],[-62.15191225762393,-63.35521457943294],[-62.14185763251438,-63.35466085588315],[-62.13468817226892,-63.353183588922185],[-62.13370592982771,-63.35059189702386],[-62.130067793495364,-63.350898497577596],[-62.13016234083294,-63.349034132096506],[-62.129283513826834,-63.34844753231153],[-62.1301148339474,-63.34774139855411],[-62.12834238543072,-63.34582938558721],[-62.128535059695245,-63.34438427911742],[-62.12547004323055,-63.343656062211124],[-62.108152018719004,-63.34324476927186],[-62.09912151889117,-63.341006545487204],[-62.09656120598344,-63.34130126818719],[-62.093921751052136,-63.34311371893454],[-62.091412153910376,-63.34319457109486],[-62.08884389040552,-63.34059473270709],[-62.08641812226624,-63.33983661520033],[-62.08405358747444,-63.33791778232162],[-62.0796184641167,-63.33681662292603],[-62.07644754019451,-63.33814067887455],[-62.06792160428655,-63.33846049299832],[-62.06688199734242,-63.34017963813498],[-62.06779197209647,-63.34138233915693],[-62.067111617756126,-63.34179107654623],[-62.05395664869789,-63.34117218041902],[-62.04058310095552,-63.341752761221066],[-62.03742017871017,-63.34339596994252],[-62.03825279420329,-63.34535686661526],[-62.041564292598544,-63.346635880206655],[-62.042140079002074,-63.34772721548273],[-62.03521519774961,-63.35032253326777],[-62.02491444161223,-63.3524290212586],[-62.010088027927765,-63.35340061730786],[-62.00722914232752,-63.35212973747969],[-62.000001,-63.35086058112798],[-62.00000099999981,-63.49999998999944],[-62.749999,-63.49999998999953],[-62.74999899999977,-63.24999989999944],[-62.21171917079833,-63.24997702018939],[-62.2118211739648,-63.25431808508552],[-62.21609330878476,-63.25867255526322],[-62.23068437754145,-63.261387857014554],[-62.23270855254072,-63.26277568992681],[-62.23285948139091,-63.26409089772367],[-62.236742207084355,-63.264933408994075],[-62.242151007566896,-63.26402336345039],[-62.24735700144657,-63.261691569752486],[-62.25266727031992,-63.262757813193986],[-62.25301884084973,-63.26409387116397],[-62.25170841908473,-63.26566244720663],[-62.254309282569636,-63.265965589713964],[-62.25008287519327,-63.26809597070483],[-62.25110809354775,-63.26974835656961],[-62.25388158666613,-63.27079702430817],[-62.256783716636676,-63.27054500210416],[-62.26095940495753,-63.26801091610972],[-62.26674450480378,-63.27094681649155],[-62.26595692467919,-63.27162147691746],[-62.2672922622491,-63.274051437305694],[-62.26484200233416,-63.27495887894267],[-62.26466367814301,-63.275856152462495],[-62.26959686858059,-63.27788519462658],[-62.26422119915487,-63.27802188296024],[-62.26294594936588,-63.278816007631264],[-62.26851017141861,-63.28060302239188],[-62.270576562170106,-63.282109783166284],[-62.26587416076503,-63.28256262748859],[-62.25705433333101,-63.27969153735442],[-62.25352844168525,-63.28151865573158],[-62.24363151228041,-63.282178878285436],[-62.23762654385793,-63.28596528049993],[-62.23542764019554,-63.2884757095692],[-62.23994121432789,-63.29082281481533],[-62.23914663181284,-63.29177168210999],[-62.240334481585705,-63.29277578181192],[-62.24666516323027,-63.29339815528494],[-62.24914022456008,-63.29504518330009],[-62.25038188325539,-63.295103373800536],[-62.2540455537752,-63.293000180785754],[-62.26028029633247,-63.294075141875346],[-62.265384654666406,-63.29356210864409],[-62.26427361859259,-63.294737220345276],[-62.25891373690012,-63.297665081440506],[-62.25545618596454,-63.29797841701662],[-62.253793821519785,-63.2994003761239],[-62.249152174344815,-63.29884385540929],[-62.24420152744006,-63.29987178023891],[-62.23340301805145,-63.29929190815026],[-62.23377829639766,-63.30091901460292],[-62.23047309494226,-63.302699930344986],[-62.230552805332756,-63.30444023090957],[-62.2342128998778,-63.306112922317524],[-62.24650420483194,-63.306532658838016],[-62.25055811525442,-63.308078069260304],[-62.250441181894494,-63.30922219174234],[-62.24868979083476,-63.31085853182301],[-62.24399468986582,-63.31132206661636],[-62.24589454977595,-63.31276055101628],[-62.25016756690752,-63.31377167618514],[-62.249554100473304,-63.31659286331853],[-62.251058769585285,-63.31892645553691],[-62.252939342900184,-63.32010366511681],[-62.25232195001978,-63.3209098381278],[-62.24541952851408,-63.32304922708864],[-62.24083297737876,-63.32181750206724],[-62.23410670920714,-63.32568314883111],[-62.23570820383753,-63.327307512953666],[-62.24281098528827,-63.329244358977775],[-62.24297558309327,-63.329869330351286],[-62.241413865163125,-63.33085503849817],[-62.23982178707351,-63.33110108023293],[-62.24001653685379,-63.33176981720498],[-62.24415807780325,-63.33359182809282],[-62.24474152098085,-63.33524301128579],[-62.24789546222399,-63.335224081965045],[-62.24764483849958,-63.33599368274158],[-62.249284208658906,-63.33706213184856],[-62.24941056005706,-63.337997331981235],[-62.25623777616577,-63.3409653124427],[-62.25685219116489,-63.342262457876394],[-62.260235910973755,-63.34379949841077],[-62.26110399736421,-63.34540316649241],[-62.263367142318195,-63.346593884162694],[-62.26342222901569,-63.34748500699638],[-62.27177975617386,-63.34983102213614],[-62.27544241097975,-63.35337415349444],[-62.273943910482544,-63.355210650961396],[-62.269612305871576,-63.35789046631002],[-62.26698358397186,-63.361897354437204],[-62.26263251279701,-63.36023872542123],[-62.262255154403036,-63.36102533264144],[-62.26304817005182,-63.36247800263018],[-62.258929279961286,-63.36330880907331],[-62.25788153852728,-63.362720991213536],[-62.25731076098689,-63.36107647917474],[-62.25779425724141,-63.35992268368038],[-62.2563945530221,-63.35861771592344],[-62.25756284356829,-63.356377448029356],[-62.254270852099694,-63.3535046058992],[-62.24980469758955,-63.35303685374348],[-62.24621300524446,-63.351078439941055],[-62.24199895524455,-63.35076776509644],[-62.241495724991616,-63.35293348688824],[-62.237448962962375,-63.3539679324134],[-62.23487601620325,-63.35300060297253],[-62.23136075701754,-63.35004765876249],[-62.23271199248152,-63.34883312270627],[-62.236473204355086,-63.35021212906332],[-62.23668005802301,-63.348237413832685],[-62.23521294979586,-63.34762936098002],[-62.230879444322454,-63.3480406729998],[-62.22679568402269,-63.34619333468279],[-62.224666577369554,-63.34621193593484],[-62.22298033712929,-63.35087269422352],[-62.21800938076234,-63.35318960768921],[-62.21524526767931,-63.355669630566226],[-62.21218886546693,-63.356415563237505],[-62.208191208493076,-63.355175605960596],[-62.21040088906594,-63.353478565471484],[-62.20931530069296,-63.3521115707429],[-62.20468826824123,-63.3505305370927],[-62.202433983695386,-63.35195580894653],[-62.20272814092017,-63.355421092462755],[-62.19816840168938,-63.35571292147655],[-62.192495605688364,-63.35521851858822],[-62.19229930958878,-63.35451891677613],[-62.19342064377007,-63.353935511304776],[-62.19179279588003,-63.3530928252785],[-62.18703085624085,-63.35281377894833],[-62.18688475354409,-63.35108111089598],[-62.1826667964903,-63.35145322185496],[-62.18092162828254,-63.35102039629723]],[[-62.27288137897262,-63.29447674984202],[-62.27614243270158,-63.29506978613434],[-62.27625779116835,-63.295733541977285],[-62.27279330545234,-63.297129898425204],[-62.268378467346274,-63.29660415569697],[-62.27288137897262,-63.29447674984202]],[[-62.26482817033981,-63.29668365997776],[-62.264280243434726,-63.29733192358673],[-62.26233182757688,-63.29684733212195],[-62.26340480136399,-63.29651181417058],[-62.26482817033981,-63.29668365997776]]]}},{"type":"Feature","properties":{"ASPA_No":153,"NAME":"Eastern Dallman Bay","Propon":"United States","DesigInstr":"Rec. XVI-3","Area_km":636.5723,"PrimProtDe":"C","BiodivDesi":1,"EnvDomain":"NotSpecified","Marine":1,"ACBR":"NA"},"geometry":{"type":"Polygon","coordinates":[[[-62.272913606378005,-64.03338142087219],[-62.27165792933346,-64.03183181663715],[-62.273709917954484,-64.03068239543913],[-62.28338578689205,-64.03074795859358],[-62.28370226192418,-64.02964134351221],[-62.282353018914336,-64.02711984043387],[-62.28775388667318,-64.02644769576636],[-62.288388243174126,-64.02585700972203],[-62.28752664406647,-64.02379659950614],[-62.2920481181802,-64.02383672774663],[-62.2923158207969,-64.02246679785624],[-62.29543574516589,-64.02209749976659],[-62.29616754360492,-64.02077764123248],[-62.295742289166185,-64.01873391427901],[-62.297580486652194,-64.01752554168871],[-62.30257538403669,-64.01793170985904],[-62.305778326646355,-64.01623671738379],[-62.315953081235165,-64.01721182939842],[-62.31672868391264,-64.01768695962464],[-62.315780920343656,-64.01856869605716],[-62.316829322585846,-64.01893866468609],[-62.32215832112694,-64.01846671627356],[-62.32233042280385,-64.01720120705299],[-62.323282259206344,-64.01702719763044],[-62.3307837047105,-64.0194720381761],[-62.3317786915692,-64.01826487439939],[-62.34008516626559,-64.01716963480474],[-62.34073055949897,-64.01588215810567],[-62.342534095699335,-64.01649204363808],[-62.34420574090472,-64.01870509004176],[-62.3464760045508,-64.01942213636897],[-62.35073966983475,-64.01765897647243],[-62.357654137905584,-64.01735491026592],[-62.35969266900741,-64.01514720121821],[-62.36327473199286,-64.01551296302287],[-62.36585657140548,-64.01447279123197],[-62.36928310629479,-64.0157168298158],[-62.37073378776707,-64.01487391574256],[-62.37537673758319,-64.01522350945413],[-62.37634988576506,-64.01453282248316],[-62.37443619550575,-64.01376734023188],[-62.37447978405777,-64.0127322944745],[-62.379424592810174,-64.01295349159741],[-62.39193881648289,-64.01119136791847],[-62.392742530370406,-64.01026669098664],[-62.389737894440515,-64.00879415370329],[-62.39027963825619,-64.00858995065173],[-62.39245994908806,-64.00863332215069],[-62.3954540032777,-64.01036516472011],[-62.392440735584636,-64.01189443052864],[-62.392231294376195,-64.01269363429962],[-62.39915115970621,-64.013564767097],[-62.400840481928675,-64.01551819775685],[-62.40515056306275,-64.01539756186163],[-62.40612820434876,-64.01457696627939],[-62.40845989068547,-64.01524249597851],[-62.41320270010296,-64.01463300392201],[-62.412950330093594,-64.01359468189261],[-62.41713510795672,-64.01220527198576],[-62.41587451706119,-64.01126435426522],[-62.41771102673701,-64.01109754771676],[-62.42574660158059,-64.01359090964736],[-62.42935006444404,-64.01343856308367],[-62.43931217642434,-64.01506573721355],[-62.440385724235526,-64.0134844102171],[-62.44373667499486,-64.01458244969922],[-62.44720977484821,-64.01388621771788],[-62.449614601675854,-64.01493288992076],[-62.45323997139839,-64.01410596448673],[-62.45322111363112,-64.01327460054087],[-62.45110625326487,-64.01251409244689],[-62.453414581361834,-64.01088959683332],[-62.46122262458803,-64.01162704662316],[-62.46209494158514,-64.01099716873982],[-62.46132492467045,-64.00956202719968],[-62.46351360844573,-64.00841131779863],[-62.469975050777094,-64.0098597256904],[-62.469465796315426,-64.0110934686763],[-62.476359152291685,-64.01330160437388],[-62.47769470511326,-64.01321694299428],[-62.47829842707536,-64.01230349105957],[-62.48023636551156,-64.01274649654074],[-62.48131256908533,-64.0116103280541],[-62.48445508291421,-64.01253838577564],[-62.477330816000396,-64.01415561276463],[-62.479017470747536,-64.01486944273395],[-62.47648567542261,-64.01642329235746],[-62.47704942373491,-64.01802573159748],[-62.47424432723457,-64.01894452598097],[-62.473195044089394,-64.02011658816056],[-62.469196373980814,-64.02031325052408],[-62.46779651710657,-64.02107440787857],[-62.46822485854642,-64.02212766549725],[-62.47284312273159,-64.0223144999967],[-62.47568277549044,-64.02383240845559],[-62.47375269799754,-64.02719023053548],[-62.47376794126298,-64.02813173256241],[-62.474556266576286,-64.02842295904259],[-62.48016393321903,-64.02804793902264],[-62.4831696671666,-64.0263922004499],[-62.48609236160604,-64.02739056163321],[-62.485170980025856,-64.02902633296362],[-62.489783924726694,-64.02820404720941],[-62.4906892483517,-64.02870942685117],[-62.49044699765592,-64.02951300993425],[-62.494125049727344,-64.0312906639844],[-62.50130096336191,-64.03000663020208],[-62.50437518648996,-64.03189525173326],[-62.49953162525538,-64.03363044200847],[-62.49919805186476,-64.03454643129744],[-62.49982837637848,-64.03507775151134],[-62.50357709131294,-64.03637492015065],[-62.50637227388105,-64.0350803327515],[-62.5110591234546,-64.03802743716213],[-62.51599569326631,-64.03663742842072],[-62.52556412131553,-64.03619979435065],[-62.526881119512815,-64.03572771378286],[-62.527629843400526,-64.03435382897584],[-62.531873995001604,-64.03576280191318],[-62.5327335152652,-64.03546276498182],[-62.53280742743466,-64.0339647359733],[-62.535220638593024,-64.032622370761],[-62.53664319178517,-64.03386924087121],[-62.5356926344226,-64.03540179480495],[-62.5393826085727,-64.03402220276303],[-62.53992541725582,-64.0348341796082],[-62.538508151195074,-64.03568314799934],[-62.54415751978748,-64.03735984325034],[-62.549839645962656,-64.03730445071204],[-62.55864620783938,-64.04020472305935],[-62.56821980125094,-64.04022741163563],[-62.570257099341575,-64.03951932874152],[-62.57761871095361,-64.04203471202345],[-62.574310760403854,-64.04338376360445],[-62.56678711250509,-64.0431597282403],[-62.566043905767756,-64.04442618551668],[-62.56701455191695,-64.0453080280705],[-62.57363414535501,-64.04747703064295],[-62.56879688357641,-64.04720322358868],[-62.56403184294836,-64.04909902247549],[-62.56475222380772,-64.04998067908548],[-62.57093132910597,-64.05050293429345],[-62.56937162030315,-64.05224482228131],[-62.56527195449824,-64.05368540643677],[-62.56797889400397,-64.05490777215502],[-62.57233652709244,-64.05473926257473],[-62.57297029376233,-64.05515959353235],[-62.57209025317033,-64.05611632860308],[-62.564089497659,-64.05755315765266],[-62.560735216419644,-64.05623775930502],[-62.55793950574769,-64.05615441639883],[-62.54852096723968,-64.05814869758306],[-62.547044906898535,-64.0588613362715],[-62.546603006838595,-64.05997707688228],[-62.5404791029524,-64.05929886128219],[-62.537545842525226,-64.06017817105429],[-62.53562335897372,-64.06216844265785],[-62.530629188832314,-64.06202336120899],[-62.52963335986833,-64.06328701688456],[-62.52388294893683,-64.06462780718924],[-62.522806798709,-64.06532046002067],[-62.52270825678961,-64.06667748413294],[-62.52065940409114,-64.0679778155393],[-62.52066456541748,-64.06924744427175],[-62.51903246950316,-64.0700899374769],[-62.51993322520413,-64.07145495916846],[-62.52402951088781,-64.07161524448915],[-62.52644308491968,-64.07266073604019],[-62.53483982357497,-64.07291608150467],[-62.53601557873183,-64.07362531410904],[-62.53339190332958,-64.07424231727856],[-62.53424061850148,-64.07564949732672],[-62.53390784561964,-64.07656820873754],[-62.52956411066092,-64.07629782380056],[-62.526041281381524,-64.0782549759558],[-62.51226550235865,-64.07997566207273],[-62.50451834090112,-64.0797019504439],[-62.49918604572526,-64.08445078060116],[-62.493991666707934,-64.08553094846852],[-62.496841118666595,-64.08695280498104],[-62.49546565651127,-64.08895741965544],[-62.50578498893349,-64.09279855809037],[-62.499983609273556,-64.09528888727331],[-62.49993647367442,-64.09925251561626],[-62.50559861440045,-64.10054150761559],[-62.507545559605305,-64.10208803100879],[-62.50775577820731,-64.10318495513134],[-62.50918477147156,-64.1037866074124],[-62.53344529625013,-64.1089163914269],[-62.53635827678183,-64.1100769104783],[-62.53765905548254,-64.11291189782455],[-62.54958726352624,-64.11366196134657],[-62.56366465160186,-64.11338608805164],[-62.57916221184752,-64.1165811728011],[-62.58905259571801,-64.11505677532352],[-62.59868226541191,-64.11506372686667],[-62.60460192326032,-64.11580310430733],[-62.61167887581188,-64.11549712328653],[-62.61831461961382,-64.11669139043113],[-62.61588921723656,-64.11884515855208],[-62.61934110937374,-64.11901993926872],[-62.61864207613586,-64.12046220563627],[-62.61962093999107,-64.12123371678017],[-62.611910904992186,-64.12241324583997],[-62.612876546231014,-64.12351479489809],[-62.616129846465455,-64.12375307729934],[-62.613192097381024,-64.12612403613926],[-62.60902833141812,-64.12622960612633],[-62.60265285669368,-64.1309646194568],[-62.60357857996232,-64.13178099406093],[-62.60281288045696,-64.13370422603325],[-62.60563042388631,-64.13643865121546],[-62.60777093339471,-64.14006549883949],[-62.61010292898118,-64.14076093404447],[-62.615825133668295,-64.13991720033421],[-62.61290926551108,-64.14115418763555],[-62.61608210580489,-64.14289305392721],[-62.613320167868416,-64.14353107527354],[-62.610230117458194,-64.1420056985513],[-62.607113126174596,-64.14266192378545],[-62.60735664047723,-64.14330160831166],[-62.6099936847909,-64.14379962560317],[-62.60522625041839,-64.14490875579261],[-62.605261760533025,-64.14647324928373],[-62.602529032380986,-64.14614839104051],[-62.60047094304496,-64.14684939297324],[-62.59800828325038,-64.14911159792878],[-62.5923927314794,-64.1497721124436],[-62.59179597630573,-64.1496370202231],[-62.59423675523067,-64.14864522903875],[-62.58692052353156,-64.14831359852141],[-62.573893020791616,-64.15076870900731],[-62.57224228648492,-64.15205038044314],[-62.57204737590609,-64.15327696612967],[-62.572918284539064,-64.15424657089828],[-62.57234214447299,-64.15494513323338],[-62.57644311599852,-64.15537560010652],[-62.57827970253639,-64.15744713329265],[-62.57804167500131,-64.15849861973439],[-62.57955247477146,-64.16137716487725],[-62.57885579179697,-64.16408902496389],[-62.5748672230932,-64.16765711501078],[-62.575814132082066,-64.1693075912367],[-62.57583537076593,-64.17162942218685],[-62.572383715422504,-64.17410534196897],[-62.56731142372674,-64.17549632685912],[-62.56735848926839,-64.17705181772351],[-62.561554055586846,-64.17783527935948],[-62.552230219968656,-64.1815186830832],[-62.54934060068327,-64.18362610265018],[-62.54964593436202,-64.18496395156194],[-62.548235511054905,-64.18646609111676],[-62.549423648715475,-64.18844572799476],[-62.549005154923265,-64.18890385501528],[-62.54116611573177,-64.19018169461124],[-62.53413858345552,-64.19236646645147],[-62.53138501547061,-64.19634921182909],[-62.53148042782332,-64.19781507458643],[-62.53249347359773,-64.19876794776312],[-62.54216175571454,-64.20457429156475],[-62.541621854741464,-64.20677998447088],[-62.544055025790946,-64.20829604440613],[-62.544289120288035,-64.20992895171287],[-62.530234366477075,-64.2075119283245],[-62.51578893450236,-64.20368570219972],[-62.513546934871904,-64.20588378703508],[-62.50876202712462,-64.20872042294388],[-62.506840071967915,-64.20905763318488],[-62.50642268746264,-64.21078547818125],[-62.50038738032892,-64.2093626981064],[-62.491443634923264,-64.20910238848869],[-62.489750291528686,-64.20998771764144],[-62.49016152099405,-64.21139250079734],[-62.488156653149986,-64.21298520912603],[-62.489872044186946,-64.21401899247724],[-62.483975999561125,-64.21313582213266],[-62.48206733290672,-64.21222353127152],[-62.481620273391094,-64.21079566338065],[-62.47991303301869,-64.21073918605087],[-62.47752190275251,-64.21273822944396],[-62.47318985568252,-64.21413126464797],[-62.471039361522166,-64.21645924329754],[-62.4714431933985,-64.21771196608871],[-62.46982836697234,-64.22171058888641],[-62.4667201393099,-64.2239894080523],[-62.4687198022536,-64.22825522220299],[-62.470842961137805,-64.2293447265021],[-62.46480991763695,-64.23173342310113],[-62.46424183135207,-64.23337347966589],[-62.46773161095792,-64.2345260418339],[-62.4710151912624,-64.23723503781068],[-62.48104927391049,-64.23926839732556],[-62.480400542944714,-64.24104077880777],[-62.483402845187534,-64.24285771297436],[-62.4796883324269,-64.24599303071277],[-62.479380215998745,-64.24768460694553],[-62.48218942856161,-64.25056443088009],[-62.48582693547355,-64.25224092780952],[-62.48421658899456,-64.25358557005531],[-62.48411154587943,-64.25633850368693],[-62.488979274329154,-64.25893568457018],[-62.50550597297556,-64.26246216878974],[-62.513721135991226,-64.26143110132536],[-62.51512303155673,-64.26185689685745],[-62.52008555325054,-64.25922787932433],[-62.52732642843638,-64.25909713042812],[-62.526810052037284,-64.25978543554078],[-62.5275097762773,-64.26012885669722],[-62.526590496844044,-64.26043219476475],[-62.52711731896289,-64.26081801200127],[-62.525933355723,-64.26108620207923],[-62.52535449417286,-64.26218761912298],[-62.528630472573795,-64.26351846631842],[-62.5268011822618,-64.2647916126545],[-62.52494705605903,-64.2646416230283],[-62.521963796169814,-64.26577982707803],[-62.52058440377003,-64.26694233724804],[-62.5217454374252,-64.26853847875824],[-62.528489060372536,-64.2692627039352],[-62.52752791475395,-64.27027284451339],[-62.52265780026537,-64.27157253095308],[-62.52518869278068,-64.27561448190235],[-62.5243271973135,-64.27654103047676],[-62.52863039945655,-64.2774590852169],[-62.53239680275663,-64.2796929496614],[-62.531272724626696,-64.28101956021514],[-62.52744927469491,-64.28183518439045],[-62.527319933785144,-64.28266047529047],[-62.52523662625788,-64.28368400200524],[-62.52678358812434,-64.28536714126356],[-62.52947942121211,-64.28629714185821],[-62.52956903021678,-64.2874929523087],[-62.53334805567986,-64.28861308922558],[-62.53202172513043,-64.28941258131292],[-62.537625175451176,-64.290759228108],[-62.536305552194534,-64.29212087313807],[-62.53098265570536,-64.2918674324314],[-62.52920396085797,-64.29386638235087],[-62.534006644620796,-64.29591141347058],[-62.53059012917522,-64.29732830415197],[-62.53038955696595,-64.30011339133662],[-62.53563973892016,-64.301992399186],[-62.531740403266014,-64.30319435935942],[-62.52995937039879,-64.30529924658804],[-62.5309487844602,-64.30621657997413],[-62.52881241443294,-64.30728302497576],[-62.52978100814758,-64.3088353673036],[-62.53523622992769,-64.31177539989838],[-62.54415697668631,-64.31346640542911],[-62.555146890025185,-64.310970620983],[-62.55635588913756,-64.31145797009155],[-62.55290978972121,-64.31298511010323],[-62.563236766801744,-64.31429508116409],[-62.56233580501373,-64.31551189338776],[-62.564210760741474,-64.3178257150258],[-62.566918969258495,-64.31854192333968],[-62.57105842117079,-64.31766436848946],[-62.574395528583736,-64.31822819997133],[-62.575155377643796,-64.31898690512824],[-62.57337123345031,-64.31949624089634],[-62.5735494670428,-64.3207412579228],[-62.57104770302413,-64.32076804157828],[-62.57234257884926,-64.32231883232016],[-62.569692820343626,-64.32308761175305],[-62.568261380596375,-64.3248739510535],[-62.5687649627091,-64.32578982395908],[-62.57423836179918,-64.32707390145181],[-62.57813695350172,-64.32692428370471],[-62.58405011870136,-64.33003743824217],[-62.58512870113727,-64.33167253080157],[-62.59011289376029,-64.33231713789324],[-62.58566594943555,-64.33333343044956],[-62.66666666999984,-64.33333332999956],[-62.66666666999981,-64.16666666999959],[-62.7499999999998,-63.99999999999958],[-62.75,-63.883333329999516],[-62.26666667000003,-63.8833333299996],[-62.26666667000002,-64.03333332999958],[-62.272913606378005,-64.03338142087219]],[[-62.46817480512212,-64.0051064546275],[-62.464545058765026,-64.00572599170972],[-62.46280701116185,-64.00509835125573],[-62.46414458618733,-64.00439440325154],[-62.46817480512212,-64.0051064546275]],[[-62.469914110817875,-64.00353104436017],[-62.471908207655765,-64.00287083985877],[-62.47275495174516,-64.00306215647291],[-62.471159963798534,-64.00386481172971],[-62.469914110817875,-64.00353104436017]],[[-62.470062552872,-64.00560828702704],[-62.46987456811907,-64.00626531038051],[-62.468431094421916,-64.00596503617739],[-62.46895550580386,-64.00548508445455],[-62.470062552872,-64.00560828702704]],[[-62.47341171817332,-64.00350383131597],[-62.47414324095121,-64.00449297107163],[-62.47197079191659,-64.00430500884374],[-62.47341171817332,-64.00350383131597]],[[-62.47312373469714,-64.0072465021496],[-62.47599531934546,-64.0088025099391],[-62.47168757061844,-64.00927312226676],[-62.47029021059041,-64.00861033748951],[-62.47312373469714,-64.0072465021496]],[[-62.48634143035994,-64.01114925423579],[-62.48397464193169,-64.00990906434141],[-62.48684513961299,-64.00972818060292],[-62.48911760057533,-64.01068187222704],[-62.4887731991077,-64.00964974626822],[-62.48942492582901,-64.00938554713186],[-62.49339639874381,-64.01100278729602],[-62.492348891159516,-64.01186512442465],[-62.48675393394409,-64.012652572627],[-62.48567022588167,-64.01218239445409],[-62.48634143035994,-64.01114925423579]],[[-62.48505700484793,-64.0142141565439],[-62.483347660591164,-64.01508422975432],[-62.480202638225705,-64.01490576139416],[-62.48347584981314,-64.01347133467313],[-62.48505700484793,-64.0142141565439]],[[-62.48956708880513,-64.01780837853195],[-62.48724923636154,-64.01827523800866],[-62.486089502375506,-64.01771932463271],[-62.488589587925624,-64.0173127862326],[-62.48956708880513,-64.01780837853195]],[[-62.50750945752342,-64.02909763039699],[-62.50524578746567,-64.02870435389036],[-62.50496161129175,-64.02819934862976],[-62.50742921702168,-64.02803172281281],[-62.50750945752342,-64.02909763039699]],[[-62.505685048386546,-64.03060932878034],[-62.50840222975169,-64.02994403426729],[-62.50949355234516,-64.03037791392198],[-62.506203802176195,-64.03252365367626],[-62.505147044486726,-64.03206476719804],[-62.505685048386546,-64.03060932878034]],[[-62.567977922974734,-64.0332652481441],[-62.56473105523396,-64.03427466264256],[-62.56310215372803,-64.03394191506997],[-62.566580515515845,-64.03254185366502],[-62.567977922974734,-64.0332652481441]],[[-62.58353656895295,-64.03376345156401],[-62.57444444262949,-64.03562658489355],[-62.57017933045059,-64.03523643647239],[-62.569114962501146,-64.03437854588935],[-62.57316246687146,-64.03258432995887],[-62.578777056110596,-64.03165820031401],[-62.58111692593622,-64.03229143521155],[-62.5802548531715,-64.03395512060828],[-62.58353656895295,-64.03376345156401]],[[-62.59053624132366,-64.02893148430715],[-62.590254181257734,-64.02981345717673],[-62.588720361408654,-64.02919975281947],[-62.589589160447005,-64.02865764102405],[-62.59053624132366,-64.02893148430715]],[[-62.58172024375493,-64.03041376109579],[-62.585443429659776,-64.02996351645226],[-62.58573311202239,-64.0310065198619],[-62.58415467106097,-64.03149507816683],[-62.58172024375493,-64.03041376109579]],[[-62.5785981301362,-64.04082117645534],[-62.580394455734336,-64.04095332579382],[-62.57830280154145,-64.04116174006009],[-62.5785981301362,-64.04082117645534]],[[-62.58374308661768,-64.04139792243721],[-62.57938662165845,-64.04348053008648],[-62.57793358476885,-64.04260134451935],[-62.582072398405224,-64.04097763992753],[-62.58374308661768,-64.04139792243721]],[[-62.57661114777756,-64.04587255211882],[-62.58008198761716,-64.0463940312644],[-62.57468833694944,-64.04717886725668],[-62.57661114777756,-64.04587255211882]],[[-62.592919275330175,-64.03503832706487],[-62.59509008936669,-64.03430829794844],[-62.59646542062661,-64.03497359550035],[-62.593514448275556,-64.03634193970366],[-62.59209289750021,-64.03616214114773],[-62.592919275330175,-64.03503832706487]],[[-62.5794530139355,-64.05125240950639],[-62.57825160380044,-64.05196062882841],[-62.57435944594725,-64.05186092927518],[-62.578059915959834,-64.05087970421002],[-62.5794530139355,-64.05125240950639]],[[-62.56624753210116,-64.05891609650546],[-62.56524198740667,-64.05823466895914],[-62.57452170492417,-64.05735315999243],[-62.57617087709491,-64.05810646093981],[-62.57502305235982,-64.05901834429395],[-62.56624753210116,-64.05891609650546]],[[-62.54643542048043,-64.07558312205627],[-62.53902990562188,-64.07589763030452],[-62.53800557680638,-64.07514484229984],[-62.539086483343475,-64.07431129162295],[-62.54308506919746,-64.07398160250585],[-62.54771155095651,-64.07485396181073],[-62.54643542048043,-64.07558312205627]],[[-62.57769801079779,-64.05032073616746],[-62.577970822038544,-64.04976596887552],[-62.58570827565323,-64.0493378779516],[-62.588765874546745,-64.04981774833807],[-62.581523070985874,-64.05089119015355],[-62.57769801079779,-64.05032073616746]],[[-62.59358355321962,-64.03047631532384],[-62.59463269313539,-64.03095212621183],[-62.59356612772289,-64.03195125537373],[-62.589937071218486,-64.03194389510294],[-62.59358355321962,-64.03047631532384]],[[-62.58097096812579,-64.05974137950254],[-62.58487081888531,-64.05906990846279],[-62.585446335625456,-64.06082406089973],[-62.58313087071947,-64.06103151699715],[-62.58097096812579,-64.05974137950254]],[[-62.630228925381054,-64.13375679029821],[-62.6210598909845,-64.12888127271509],[-62.621905885782006,-64.12795800415242],[-62.62368294960923,-64.12735391948877],[-62.6298536209461,-64.12925289930345],[-62.6325899663911,-64.1292109038046],[-62.63277621224006,-64.12983497315497],[-62.63105091565186,-64.131062437038],[-62.63218258772806,-64.13212718346604],[-62.6320221230363,-64.13321536246023],[-62.630228925381054,-64.13375679029821]],[[-62.65041385179576,-64.11099203352397],[-62.65291853180515,-64.10969464564606],[-62.65513298803133,-64.10965299782522],[-62.65876035768056,-64.1108576135074],[-62.65140921210059,-64.11211447853246],[-62.65051266334251,-64.11212870271541],[-62.65041385179576,-64.11099203352397]],[[-62.64099051537009,-64.1139987899225],[-62.646797272017274,-64.11458229593775],[-62.64407807587726,-64.11640325832832],[-62.63823190033647,-64.11535711564697],[-62.64099051537009,-64.1139987899225]],[[-62.534580780468104,-64.2546620422306],[-62.532434149080714,-64.25483660604986],[-62.53053826048941,-64.25418075729375],[-62.53074121661255,-64.25355498570718],[-62.53497891103918,-64.25399950357198],[-62.534580780468104,-64.2546620422306]],[[-62.540625860542626,-64.25385373473395],[-62.53856879408207,-64.25291468783568],[-62.5386614509338,-64.25234303434445],[-62.542333102874764,-64.25223469639738],[-62.54504041591575,-64.25338974305414],[-62.540625860542626,-64.25385373473395]],[[-62.53625725119267,-64.25678736800222],[-62.53487662355044,-64.25583326735958],[-62.536296015054596,-64.25546273707785],[-62.537910416760404,-64.25618322474757],[-62.53625725119267,-64.25678736800222]],[[-62.540983023055546,-64.25670976706337],[-62.54498565609405,-64.25744635451079],[-62.543083092585036,-64.25822137335851],[-62.53961544121631,-64.25764515638853],[-62.540983023055546,-64.25670976706337]],[[-62.57600776017696,-64.31373482804769],[-62.578886101480826,-64.31357317590262],[-62.579598395438595,-64.31413844357053],[-62.57715063559521,-64.31491061073498],[-62.575799357242694,-64.31453720324188],[-62.57600776017696,-64.31373482804769]],[[-62.592149767366955,-64.30045421868286],[-62.594397245555825,-64.30047639590987],[-62.59579526707507,-64.3015908538096],[-62.59307442483594,-64.30221255410258],[-62.59080293500392,-64.30156293101503],[-62.592149767366955,-64.30045421868286]],[[-62.5821774592877,-64.31506471772926],[-62.58421863454667,-64.31428983830602],[-62.58583697648948,-64.3147824957262],[-62.58351754758849,-64.31550463882522],[-62.5821774592877,-64.31506471772926]],[[-62.582628256757374,-64.32220722632154],[-62.58444463699371,-64.32194448498278],[-62.58545149465165,-64.32289194740405],[-62.58363505582406,-64.32315470354553],[-62.582628256757374,-64.32220722632154]],[[-62.59168170527852,-64.32651547525789],[-62.59041068211736,-64.32561733100384],[-62.59259332228162,-64.3249529734226],[-62.59347370577651,-64.32591133851543],[-62.59168170527852,-64.32651547525789]]]}},{"type":"Feature","properties":{"ASPA_No":154,"NAME":"Botany Bay, Cape Geology, Victoria Land","Propon":"New Zealand","DesigInstr":"Measure 3","Area_km":1.9238,"PrimProtDe":"C","BiodivDesi":1,"EnvDomain":"S","Marine":0,"ACBR":"9"},"geometry":{"type":"Polygon","coordinates":[[[162.56715024900066,-77.00681368981357],[162.60390779744097,-77.00373211391063],[162.60321738021435,-77.00408680705864],[162.6035636252321,-77.01035269733524],[162.579278562387,-77.01733487410733],[162.57083329999983,-77.02111111111115],[162.5578456831561,-77.01667150438993],[162.5386279821873,-77.01334521102747],[162.53302108166562,-77.01019422252165],[162.5334266147695,-77.00859782601401],[162.53549231699924,-77.00759163576947],[162.53162160026864,-77.00540658922182],[162.54830185303712,-77.00530064103928],[162.56715024900066,-77.00681368981357]]]}},{"type":"Feature","properties":{"ASPA_No":155,"NAME":"Cape Evans, Ross Island","Propon":"New Zealand","DesigInstr":"Measure 2","Area_km":0.0534,"PrimProtDe":"H","BiodivDesi":0,"EnvDomain":"S","Marine":0,"ACBR":"9"},"geometry":{"type":"Polygon","coordinates":[[[166.4265734312748,-77.63589865885608],[166.4265778000002,-77.63763333000003],[166.41929999999965,-77.63763056000003],[166.4137416999997,-77.63652778],[166.41913768633216,-77.63538939142857],[166.4265734312748,-77.63589865885608]]]}},{"type":"Feature","properties":{"ASPA_No":156,"NAME":"Lewis Bay, Mount Erebus, Ross Island","Propon":"New Zealand","DesigInstr":"Measure 2","Area_km":13.9721,"PrimProtDe":"I","BiodivDesi":0,"EnvDomain":"O","Marine":0,"ACBR":"9"},"geometry":{"type":"Polygon","coordinates":[[[167.5575000001226,-77.44250000044642],[167.39249999908918,-77.44250000057254],[167.39250000039996,-77.40267217164431],[167.44491390518309,-77.40904812949545],[167.4837362032387,-77.41079982470069],[167.5259107438605,-77.4151667460073],[167.55750000085533,-77.41458228741722],[167.5575000001226,-77.44250000044642]]]}},{"type":"Feature","properties":{"ASPA_No":157,"NAME":"Backdoor Bay, Cape Royds, Ross Island","Propon":"New Zealand","DesigInstr":"Measure 1","Area_km":0.039,"PrimProtDe":"H","BiodivDesi":0,"EnvDomain":"S","Marine":0,"ACBR":"9"},"geometry":{"type":"Polygon","coordinates":[[[166.16849999999982,-77.55438888999997],[166.1656390909255,-77.55323005083373],[166.17024999999973,-77.55208332999999],[166.1757221999997,-77.55208333000002],[166.17618329739886,-77.55291827848536],[166.16849999999982,-77.55438888999997]]]}},{"type":"Feature","properties":{"ASPA_No":158,"NAME":"Hut Point, Ross Island","Propon":"New Zealand","DesigInstr":"Measure 1","Area_km":0.0001,"PrimProtDe":"H","BiodivDesi":0,"EnvDomain":"S","Marine":0,"ACBR":"9"},"geometry":{"type":"Polygon","coordinates":[[[166.64166510890828,-77.84568111199208],[166.64166822633166,-77.84581888812558],[166.6413395733119,-77.84575032758576],[166.64166510890828,-77.84568111199208]]]}},{"type":"Feature","properties":{"ASPA_No":159,"NAME":"Cape Adare, Borchgrevink Coast","Propon":"New Zealand","DesigInstr":"Measure 1","Area_km":0.0229,"PrimProtDe":"H","BiodivDesi":0,"EnvDomain":"U","Marine":0,"ACBR":"8"},"geometry":{"type":"Polygon","coordinates":[[[170.19575186593795,-71.30987272309032],[170.1925528050722,-71.30920406525725],[170.1924100697849,-71.30772144435637],[170.1955417650212,-71.30769043704689],[170.19575186593795,-71.30987272309032]]]}},{"type":"Feature","properties":{"ASPA_No":160,"NAME":"Nelly Island, Frazier Islands, Windmill Islands, Wilkes Land, East Antarctica","Propon":"Australia","DesigInstr":"Measure 2","Area_km":0.3649,"PrimProtDe":"C","BiodivDesi":1,"EnvDomain":"NotSpecified","Marine":0,"ACBR":"7"},"geometry":{"type":"Polygon","coordinates":[[[110.17082058528665,-66.23066974405677],[110.17492673816358,-66.23021612073862],[110.17365992279133,-66.22951853767066],[110.17908142732553,-66.22826432992109],[110.19235660399741,-66.22855382101196],[110.19548470765851,-66.22911736165494],[110.19639497014668,-66.23020768237161],[110.19450565474486,-66.23088423736276],[110.18629601291993,-66.2310298093458],[110.18955091871197,-66.23180497424671],[110.18608692708352,-66.23234310129922],[110.17484137861221,-66.23180818951795],[110.17082058528665,-66.23066974405677]]]}},{"type":"Feature","properties":{"ASPA_No":160,"NAME":"Charlton Island, Frazier Islands, Windmill Islands, Wilkes Land, East Antarctica","Propon":"Australia","DesigInstr":"Measure 2","Area_km":0.0668,"PrimProtDe":"C","BiodivDesi":1,"EnvDomain":"NotSpecified","Marine":0,"ACBR":"7"},"geometry":{"type":"Polygon","coordinates":[[[110.14806319476729,-66.22537408996303],[110.14883339852562,-66.2242882195771],[110.15995994958995,-66.22460906213281],[110.15747508644048,-66.22546138253408],[110.14806319476729,-66.22537408996303]]]}},{"type":"Feature","properties":{"ASPA_No":160,"NAME":"Dewart Island, Frazier Islands, Windmill Islands, Wilkes Land, East Antarctica","Propon":"Australia","DesigInstr":"Measure 2","Area_km":0.1862,"PrimProtDe":"C","BiodivDesi":1,"EnvDomain":"NotSpecified","Marine":0,"ACBR":"7"},"geometry":{"type":"Polygon","coordinates":[[[110.15762603457325,-66.22660164542637],[110.1621418230179,-66.22585002450516],[110.17523369508432,-66.22762485657464],[110.1725456028119,-66.2285795142356],[110.17218496540467,-66.22940749701296],[110.16099120204322,-66.22836493285496],[110.15762603457325,-66.22660164542637]]]}},{"type":"Feature","properties":{"ASPA_No":161,"NAME":"Terra Nova Bay, Ross Sea","Propon":"Italy","DesigInstr":"Measure 2","Area_km":29.4116,"PrimProtDe":"E","BiodivDesi":1,"EnvDomain":"D","Marine":1,"ACBR":"NA"},"geometry":{"type":"Polygon","coordinates":[[[164.11499346693324,-74.72649112876748],[164.1145786012915,-74.72555414599212],[164.11548310288862,-74.72477820928184],[164.1205342127429,-74.72308665229725],[164.11965020902673,-74.72149934398507],[164.11305500227516,-74.71951832979924],[164.11024209335193,-74.71791878085581],[164.10958344756017,-74.71661516801373],[164.11430878725437,-74.71577814947557],[164.16667586708633,-74.71571603929027],[164.16666396807045,-74.79997866942549],[164.04373081518838,-74.79993868682075],[164.0424532714638,-74.79725897548201],[164.03598554580017,-74.79425640474115],[163.99692368670682,-74.78417073488889],[163.98859121653734,-74.78175460673123],[163.98275933766652,-74.77912916869764],[163.95845660391262,-74.77610267369154],[163.93811138437354,-74.7758914535834],[163.9382559184399,-74.77523007928727],[163.9350681649608,-74.77371302869791],[163.93612526438355,-74.77282691863834],[163.93564634614108,-74.77175584958857],[163.936408967451,-74.77042939733533],[163.94479908252714,-74.7695378572689],[163.97113280521637,-74.76831592569242],[164.02303574131508,-74.76901456444145],[164.02835934633185,-74.76819817130307],[164.04025737396,-74.7641862288519],[164.0574701827986,-74.7632947090464],[164.0723927349768,-74.76011536659335],[164.07482715354976,-74.75849523346409],[164.07795674912353,-74.75818057661475],[164.0789416614591,-74.75604146500446],[164.08148047728997,-74.75544536834083],[164.07897262557125,-74.75415257849534],[164.07962027192826,-74.75364793427828],[164.07859757557014,-74.75207515632599],[164.0764314025486,-74.75055765388731],[164.07595193112067,-74.74786266714425],[164.077841234507,-74.74645770565792],[164.08468648406262,-74.7448264321153],[164.09176849313985,-74.74451115299064],[164.09838371979123,-74.74749707671576],[164.10396699532248,-74.74791563550129],[164.1072532242849,-74.74697045237384],[164.1087844872562,-74.7453138753536],[164.11035538935656,-74.74498286302673],[164.11135035194127,-74.74313833642363],[164.11995817931688,-74.74149451143495],[164.1196059277939,-74.74029321661133],[164.11616124572888,-74.73781228596634],[164.12267967411347,-74.73531783644869],[164.1233200543465,-74.73384007821292],[164.12271002719842,-74.73277000448289],[164.12448082162553,-74.73199590718447],[164.12328669979513,-74.73110312302576],[164.12385259575612,-74.73024296300814],[164.12332012907757,-74.72912087716041],[164.11499346693324,-74.72649112876748]]]}},{"type":"Feature","properties":{"ASPA_No":162,"NAME":"Mawsons Huts, Cape Denison, Commonwealth Bay, George V Land, East Antarctica","Propon":"Australia","DesigInstr":"Measure 2","Area_km":1.0487,"PrimProtDe":"H","BiodivDesi":0,"EnvDomain":"L","Marine":0,"ACBR":"13"},"geometry":{"type":"Polygon","coordinates":[[[142.6908333,-67.01305555999983],[142.65777779999985,-67.01305555999978],[142.65511982768405,-67.01200507447543],[142.6531728181938,-67.0121688338361],[142.65308071163386,-67.01148787892976],[142.6545119714322,-67.01154930144345],[142.65302212581008,-67.01107125155445],[142.6529105261898,-67.009997873374],[142.65099007938653,-67.00841613601388],[142.6518438438258,-67.00892995874152],[142.65232499894094,-67.00817794149108],[142.6538515786811,-67.00831015926171],[142.65393303116534,-67.00693641457816],[142.65539786641173,-67.0066071282334],[142.65498145356452,-67.00583979544173],[142.6579440571931,-67.00554199795256],[142.65756207797565,-67.00416862854885],[142.659257557188,-67.00387950602341],[142.6616758695179,-67.0049579702309],[142.66652829002766,-67.00509565058576],[142.66888239589105,-67.00677586793631],[142.67234270242122,-67.00612265195095],[142.67180462241677,-67.00645354377562],[142.6728528832894,-67.00691135220329],[142.67247160019963,-67.0073303888646],[142.67416847205456,-67.00806184306956],[142.6761066993908,-67.00821414190948],[142.67784180810338,-67.00716845099093],[142.68069511298663,-67.00948255244727],[142.68412693292305,-67.00949336970606],[142.68761642503674,-67.01153366509868],[142.6898275501254,-67.01168746331723],[142.6908333,-67.01305555999983]]]}},{"type":"Feature","properties":{"ASPA_No":163,"NAME":"Dakshin Gangotri Glacier, Dronning Maud Land","Propon":"India","DesigInstr":"Measure 2","Area_km":4.5708,"PrimProtDe":"E","BiodivDesi":1,"EnvDomain":"D","Marine":0,"ACBR":"6"},"geometry":{"type":"Polygon","coordinates":[[[11.558333330000256,-70.75833332999987],[11.55833332999993,-70.73611110999992],[11.608333325870094,-70.73611110930442],[11.608333330000066,-70.75833332999997],[11.558333330000256,-70.75833332999987]]]}},{"type":"Feature","properties":{"ASPA_No":164,"NAME":"Murray Monolith, Mac.Robertson Land","Propon":"Australia","DesigInstr":"Measure 2","Area_km":4.9241,"PrimProtDe":"C","BiodivDesi":1,"EnvDomain":"D","Marine":0,"ACBR":"16"},"geometry":{"type":"Polygon","coordinates":[[[66.8502777799998,-67.77666666999984],[66.85917278632682,-67.77919290002977],[66.87073038931051,-67.77924393408182],[66.87090758944895,-67.78169978513148],[66.87497082857175,-67.78429433353737],[66.87590331287609,-67.78570502898634],[66.87800497680666,-67.78609734352956],[66.87879844280164,-67.78574631689703],[66.8769770643457,-67.78451196497072],[66.87719126930135,-67.7834797149942],[66.8812770522683,-67.78305944665966],[66.88246610056738,-67.78188057415747],[66.88977865694497,-67.77959062398152],[66.89570772345509,-67.78016035334296],[66.9,-67.7772222199999],[66.89750002167476,-67.80138900702082],[66.84861101963348,-67.80083298641101],[66.8502777799998,-67.77666666999984]]]}},{"type":"Feature","properties":{"ASPA_No":164,"NAME":"Scullin Monolith, Mac.Robertson Land","Propon":"Australia","DesigInstr":"Measure 2","Area_km":5.3691,"PrimProtDe":"C","BiodivDesi":1,"EnvDomain":"D","Marine":0,"ACBR":"16"},"geometry":{"type":"Polygon","coordinates":[[[66.72071376083768,-67.77973767465447],[66.72759699802158,-67.77937491932492],[66.72601676122845,-67.77902357161115],[66.72656549759805,-67.77889628021512],[66.73398467418498,-67.77971914575171],[66.73452671879197,-67.77902710547676],[66.74361111,-67.7780555599998],[66.74249998744256,-67.8016669907885],[66.67388899019076,-67.80083298684175],[66.675,-67.78305555999987],[66.67946060121648,-67.78411118963419],[66.67960567165622,-67.78538425765629],[66.68067160446039,-67.78603817047038],[66.68481720629293,-67.78686901407562],[66.69356048576772,-67.78555005224986],[66.70257050476587,-67.78908238696305],[66.71450028668073,-67.79025183486019],[66.71764185735306,-67.78928352424012],[66.71837041932804,-67.78783427174712],[66.72250681003639,-67.78748222822864],[66.72181621565245,-67.7867332627378],[66.72409786661822,-67.78591784095725],[66.72358656079409,-67.78557163298433],[66.72523700323062,-67.78571632752067],[66.72410156119398,-67.78504779704284],[66.72517365246742,-67.78325196217726],[66.72432315570741,-67.78238984348727],[66.72552912439876,-67.78250829881087],[66.72258885072497,-67.78097159803522],[66.72436856538869,-67.78087841957839],[66.72071376083768,-67.77973767465447]]]}},{"type":"Feature","properties":{"ASPA_No":165,"NAME":"Edmonson Point, Wood Bay, Ross Sea","Propon":"Italy","DesigInstr":"Measure 1","Area_km":5.5138,"PrimProtDe":"A","BiodivDesi":1,"EnvDomain":"D","Marine":0,"ACBR":"8"},"geometry":{"type":"Polygon","coordinates":[[[165.14056003620985,-74.34033070694414],[165.13409265994898,-74.34102091899226],[165.1241807101448,-74.33997080509647],[165.11049339524416,-74.33687575634924],[165.113547511102,-74.33592781238688],[165.11347319892505,-74.33434628888737],[165.11559788859947,-74.33310342144267],[165.09944124163383,-74.33373605141956],[165.0926005152273,-74.33472835549276],[165.09667283903613,-74.33576549549642],[165.0961620563874,-74.33588453792382],[165.0820982866553,-74.33357550864669],[165.0799488867611,-74.33237567193768],[165.09184263894673,-74.33144519382823],[165.09380777072417,-74.33066102890231],[165.09169853796737,-74.33072351450927],[165.09589360583615,-74.32958908527193],[165.0996026628589,-74.3274990130524],[165.09621082655295,-74.32577245815826],[165.0836920101187,-74.32560762224337],[165.07883977143416,-74.32340782856481],[165.07826390301915,-74.32178821741672],[165.08020993654372,-74.32026331445037],[165.07994029335805,-74.31918215281974],[165.07642325644522,-74.31802973045323],[165.06090003199134,-74.31873322486],[165.05169641244765,-74.32060676340173],[165.0437963729054,-74.32403666133811],[165.027134897883,-74.32504949987333],[165.02545681841912,-74.32637756733732],[165.01168279971193,-74.32824018626754],[165.01561296344875,-74.32634935964298],[165.01619240617106,-74.32487219948196],[165.01542109224252,-74.32438039404445],[165.02568136181904,-74.32469954965225],[165.04425107303084,-74.3232921905903],[165.04436664689806,-74.32277709301526],[165.04020279497396,-74.32118449731219],[165.0357493409318,-74.32098176314412],[165.03895574258019,-74.32062654748007],[165.03815073204558,-74.32008738391315],[165.0385830663442,-74.31955912652803],[165.03247052968007,-74.32028344291653],[165.02990925988152,-74.31962956664036],[165.04037750134006,-74.31749806976106],[165.04004316682924,-74.31623368957408],[165.04350435451013,-74.31529750813634],[165.06064026796986,-74.31254215807813],[165.06938163111417,-74.30953999947283],[165.06485507094672,-74.30886053646834],[165.0739017429432,-74.30740998822245],[165.06473683934084,-74.30575366539851],[165.07359461214003,-74.30631589547829],[165.07820495373963,-74.30547251881043],[165.08547014468363,-74.30546262681462],[165.1193304745408,-74.32117774104292],[165.127095935295,-74.3218604460104],[165.14133291083414,-74.32533150518006],[165.15011715421426,-74.32988864334632],[165.15197831870668,-74.33332961031611],[165.1511535379706,-74.33580610680994],[165.14056003620985,-74.34033070694414]]]}},{"type":"Feature","properties":{"ASPA_No":166,"NAME":"Port-Martin, Terre-Adelie","Propon":"France","DesigInstr":"Measure 1","Area_km":0.173,"PrimProtDe":"H","BiodivDesi":0,"EnvDomain":"D","Marine":0,"ACBR":"13"},"geometry":{"type":"Polygon","coordinates":[[[141.38422664919037,-66.81731656287273],[141.39473014585087,-66.81657873111546],[141.40077005249293,-66.81758101015049],[141.40216287195568,-66.8187845023246],[141.39410377724718,-66.81969897145865],[141.39326600867324,-66.81943257150698],[141.39314853115886,-66.81841353174829],[141.38519332758355,-66.81925841542483],[141.38422664919037,-66.81731656287273]]]}},{"type":"Feature","properties":{"ASPA_No":167,"NAME":"Hawker Island, Vestfold Hills, Ingrid Christensen Coast, Princess Elizabeth Land, East Antarctica","Propon":"Australia","DesigInstr":"Measure 1","Area_km":2.2066,"PrimProtDe":"C","BiodivDesi":1,"EnvDomain":"T","Marine":0,"ACBR":"7"},"geometry":{"type":"Polygon","coordinates":[[[77.87373759795982,-68.64234131242098],[77.856411536074,-68.64592026658002],[77.85148037918198,-68.64563124132482],[77.85274391304156,-68.64386904850807],[77.8559770696372,-68.6436435524308],[77.85561049133213,-68.64192083337853],[77.85927749425825,-68.6394611637426],[77.8560797176542,-68.63886095389853],[77.85694537728907,-68.63773014492418],[77.85436061895419,-68.6365787883363],[77.85096031033639,-68.63729637301222],[77.85078677584895,-68.63960523008751],[77.84887966211552,-68.64166225517079],[77.84718522439923,-68.64192089344974],[77.84605082757334,-68.64172104864033],[77.8474690935326,-68.64047056747734],[77.84556683026312,-68.63686265537773],[77.84157611150107,-68.63733332806133],[77.84060250202343,-68.63861194775889],[77.84225313395174,-68.64119972042661],[77.83930275069743,-68.64431497595533],[77.83541267667593,-68.64257612434608],[77.83756290881212,-68.6406836379607],[77.83492599005383,-68.63899757823243],[77.83883967189634,-68.63811913762294],[77.84022333220972,-68.63689549869622],[77.83852302658526,-68.63588147772458],[77.84007534502166,-68.63456022875623],[77.83739545865605,-68.63414626274634],[77.83727316602015,-68.63318439454652],[77.84253982906262,-68.6313421807359],[77.84484197005288,-68.63152157610912],[77.84849416678661,-68.62756945994401],[77.85411901780023,-68.62540629541319],[77.8584234754881,-68.62543604226185],[77.86049299721623,-68.62665163782222],[77.85967047983502,-68.6304740289493],[77.86714090984628,-68.62980521499718],[77.87278575112495,-68.62821093822834],[77.87721093663356,-68.62877141889183],[77.87697160216153,-68.62980962879405],[77.87556887190237,-68.63045431662296],[77.87572145619355,-68.63354134674172],[77.87346874561914,-68.63501460807794],[77.87494454862713,-68.6366963234654],[77.87365690628008,-68.63848525881117],[77.87485248508801,-68.63919643281123],[77.87304402226111,-68.6405537263937],[77.87373759795982,-68.64234131242098]]]}},{"type":"Feature","properties":{"ASPA_No":168,"NAME":"Mount Harding, Grove Mountains, East Antarctica","Propon":"China","DesigInstr":"Measure 2","Area_km":101.7036,"PrimProtDe":"F","BiodivDesi":0,"EnvDomain":"T","Marine":0,"ACBR":"16"},"geometry":{"type":"Polygon","coordinates":[[[74.94999999945279,-72.84999999973195],[75.13333333478788,-72.84999999975014],[75.18333333278402,-72.86666666705004],[75.2000000012563,-72.91666666671438],[75.16666666807835,-72.95000000011271],[74.8999999988131,-72.94999999991927],[74.88333333424039,-72.91666666655395],[74.89999999903985,-72.88333333361363],[74.94999999945279,-72.84999999973195]]]}},{"type":"Feature","properties":{"ASPA_No":169,"NAME":"Amanda Bay, Ingrid Christensen Coast, Princess Elizabeth Land, East Antarctica","Propon":"Australia, China","DesigInstr":"Measure 3","Area_km":17.1399,"PrimProtDe":"C","BiodivDesi":1,"EnvDomain":"NotSpecified","Marine":0,"ACBR":"7"},"geometry":{"type":"Polygon","coordinates":[[[76.76748460604767,-69.24623694128238],[76.89182888084977,-69.22510547286316],[76.88790120359951,-69.22632502150395],[76.8902996033535,-69.22825901818968],[76.88997727428921,-69.22957260911575],[76.89138201330204,-69.23022984476306],[76.89206329489008,-69.23209326774041],[76.88949697823382,-69.23600375368638],[76.88957633063569,-69.23774607162244],[76.8868340981782,-69.24099122181619],[76.88494764396978,-69.25038271376046],[76.89099110619098,-69.25608946404083],[76.8948249647105,-69.25770786921693],[76.89498471010478,-69.26119282864585],[76.89259063674227,-69.26576913882899],[76.89658660452679,-69.27087252888244],[76.89883022043955,-69.27161325482975],[76.8911766404654,-69.2730531230708],[76.87817072532226,-69.27084431106464],[76.8754625842849,-69.27127899187525],[76.87532499000119,-69.27233420959605],[76.87423090788323,-69.27291346428828],[76.87122394789924,-69.27254075778679],[76.87040724704933,-69.27368437501492],[76.86106827275574,-69.27419043107683],[76.85917716653815,-69.27615610286566],[76.85261498658969,-69.27971190080878],[76.85273261413653,-69.2810885748731],[76.85165132095466,-69.28182964962139],[76.84787455425332,-69.28049211185156],[76.84995429023334,-69.2780382311135],[76.84718259811468,-69.27774364141435],[76.84177698936585,-69.27877395679371],[76.83917014737617,-69.28042279144049],[76.83169823160202,-69.2813936878078],[76.832452809194,-69.2821962368246],[76.83089963153368,-69.28278006572995],[76.82055245868538,-69.28224085956849],[76.8195560149591,-69.28127869987728],[76.82022612549225,-69.278353709249],[76.82591955130876,-69.27529468516556],[76.82590959050333,-69.27245789693981],[76.82510790870349,-69.27108844215626],[76.81625139800957,-69.2691553708323],[76.81454970835559,-69.2679574355952],[76.81362031010413,-69.2650492539718],[76.8075942055174,-69.26337172203294],[76.8046549682419,-69.26162623559446],[76.80371156030266,-69.25866866816393],[76.80056000744335,-69.25651309617184],[76.79922311109436,-69.25417647563233],[76.79964641344144,-69.25376679947749],[76.79468882698183,-69.2518730936193],[76.79169281620703,-69.25157998131309],[76.78280307803838,-69.24632246589903],[76.77726304567607,-69.24565008992346],[76.77299120678404,-69.24650416074975],[76.76748460604767,-69.24623694128238]]]}},{"type":"Feature","properties":{"ASPA_No":170,"NAME":"Marion Nunataks, Charcot Island, Antarctic Peninsula","Propon":"United Kingdom","DesigInstr":"Measure 4","Area_km":106.4013,"PrimProtDe":"C","BiodivDesi":1,"EnvDomain":"C","Marine":0,"ACBR":"4"},"geometry":{"type":"MultiPolygon","coordinates":[[[[-75.1931132497974,-69.72632273585131],[-75.19873829209857,-69.7261540361543],[-75.19867887397368,-69.72512224290969],[-75.19662861841493,-69.7242989837615],[-75.19117515161973,-69.72516755038464],[-75.18509644995285,-69.7242679506774],[-75.18135065574205,-69.72455970748605],[-75.17920887809574,-69.72607390966192],[-75.17361856000699,-69.72619626556865],[-75.17459877262108,-69.72731270804813],[-75.17676073246331,-69.72780440086323],[-75.18415330278674,-69.72809159988176],[-75.18898847660843,-69.72785073113639],[-75.1931132497974,-69.72632273585131]]],[[[-74.99999999949947,-69.79999999992478],[-75.3219444399998,-69.8],[-75.32197145005433,-69.79868768764283],[-75.3248500926558,-69.79709018136731],[-75.33166833205121,-69.79482206953725],[-75.33488576119369,-69.7927751164735],[-75.34216344528238,-69.79099845209251],[-75.35131173419336,-69.79054226556093],[-75.36581089760779,-69.7914687613628],[-75.37820704071466,-69.7892874798068],[-75.39417327513925,-69.78838712521029],[-75.40473192778475,-69.7887612969664],[-75.41174671988534,-69.7867025311877],[-75.4140672809093,-69.78694365603137],[-75.41883864041074,-69.78577179079444],[-75.41948837234304,-69.78429142020863],[-75.42955805417274,-69.78333981309711],[-75.42739123776445,-69.7822798936763],[-75.4291310482905,-69.78181344208657],[-75.42811193388188,-69.7797193816957],[-75.4302976680315,-69.77767358906273],[-75.42745056694658,-69.77604032495063],[-75.43064173834651,-69.77623041847431],[-75.43501576877622,-69.77521418313452],[-75.43383916042623,-69.77443711301329],[-75.4372676144957,-69.7738156701038],[-75.43660599544582,-69.77174004890206],[-75.4371772865214,-69.77073259064002],[-75.43579401425248,-69.76961630393107],[-75.43611889829951,-69.76881276542134],[-75.44068784330754,-69.76851996143],[-75.44123613273811,-69.76754275230265],[-75.4354296603517,-69.76455476424142],[-75.43158259884844,-69.76462624471888],[-75.42461898789817,-69.76268700282421],[-75.42570004164307,-69.76211071156612],[-75.41549087246219,-69.76215340654134],[-75.41100491614388,-69.76344490134687],[-75.40153673223843,-69.76028671358623],[-75.39162073050161,-69.76006358717349],[-75.38698713132011,-69.75810875984975],[-75.3822542718479,-69.75812901713171],[-75.37999095520685,-69.75904594927906],[-75.37525612316851,-69.75759376011867],[-75.36356185957537,-69.75801110661315],[-75.35880658129493,-69.75450510078237],[-75.35609315828374,-69.753809608708],[-75.33106034638573,-69.75436910390151],[-75.31349160369419,-69.75260685432846],[-75.29798987913182,-69.75233211672196],[-75.28493370140542,-69.74958463366629],[-75.2723130732118,-69.7482097115059],[-75.26336881273161,-69.74932251941821],[-75.25570342794724,-69.74842535094723],[-75.23943735033201,-69.74495831732737],[-75.23819963849911,-69.74260588773285],[-75.23555550574788,-69.74145711260874],[-75.22540831402362,-69.73984892885473],[-75.21948392196117,-69.73720855876196],[-75.21365327523509,-69.73766805384165],[-75.21275438043023,-69.73809608645041],[-75.21251381532494,-69.73937862469505],[-75.2107131551327,-69.73980958802139],[-75.20467113345762,-69.73829146753879],[-75.1953362071123,-69.73905300603641],[-75.19246400883046,-69.7384227312217],[-75.18659788870735,-69.73485087289241],[-75.1787022309166,-69.73372963645627],[-75.17465740345355,-69.73367030259507],[-75.16672544932243,-69.73538099249362],[-75.15530752105853,-69.73266028680453],[-75.13825810265796,-69.73452255981275],[-75.13005089121627,-69.73444874276734],[-75.12755709554354,-69.7335377936205],[-75.12542414541909,-69.73044952314957],[-75.12384394347883,-69.72973577848303],[-75.11061159978313,-69.72704269165602],[-75.08730650720472,-69.72554355223963],[-75.07649209852264,-69.72386281672277],[-75.06532141640274,-69.72413519701175],[-75.05514487388206,-69.72194576794011],[-75.05286697565863,-69.72065584345728],[-75.03748191572608,-69.72215334366504],[-75.01768895409029,-69.72236010250808],[-75.00994550610837,-69.72115812619082],[-75.00593468537635,-69.71925334397847],[-74.99999999999986,-69.71861110999996],[-74.99999999949947,-69.79999999992478]]]]}},{"type":"Feature","properties":{"ASPA_No":171,"NAME":"Narebski Point, Barton Peninsula, KGI","Propon":"Korea (ROK)","DesigInstr":"Measure 13","Area_km":1.0382,"PrimProtDe":"C","BiodivDesi":1,"EnvDomain":"NotSpecified","Marine":0,"ACBR":"3"},"geometry":{"type":"Polygon","coordinates":[[[-58.77324493956248,-62.237838799582335],[-58.77655096017752,-62.23824274046938],[-58.77596413091998,-62.2375830600486],[-58.777662420281956,-62.236884680496715],[-58.77836307073742,-62.235693759840025],[-58.78248950973676,-62.2344897803196],[-58.782514060504596,-62.23301118983074],[-58.7838035873026,-62.23160142500479],[-58.78121388935864,-62.2306888888603],[-58.77747018948219,-62.23191353748726],[-58.77128333357907,-62.23125833339499],[-58.768941958357495,-62.231749812108475],[-58.76406666687667,-62.230863888981595],[-58.75988888900961,-62.22804722198292],[-58.757551139801926,-62.22932054918577],[-58.75575277753409,-62.23220833311644],[-58.75593956275232,-62.23404776550074],[-58.75852327170504,-62.23528476729439],[-58.76036870704209,-62.237453382465084],[-58.76394282582658,-62.237892423664626],[-58.76284725602435,-62.23948681265714],[-58.762831295858895,-62.24001359888114],[-58.7632417100773,-62.24019425960476],[-58.764816690107196,-62.23878035969629],[-58.767633360343766,-62.23817756029804],[-58.77324493956248,-62.237838799582335]]]}},{"type":"Feature","properties":{"ASPA_No":172,"NAME":"Sub-surface boundary, Lower Taylor Glacier and Blood Falls, Taylor Valley, McMurdo Dry Valleys","Propon":"USA","DesigInstr":"Measure 9","Area_km":421.6115,"PrimProtDe":"F","BiodivDesi":0,"EnvDomain":"S","Marine":0,"ACBR":"9"},"geometry":{"type":"Polygon","coordinates":[[[161.38490874575916,-77.8832495808488],[161.33737276981338,-77.8796791909351],[161.31451620909274,-77.87642903318729],[161.31460497271897,-77.87216294153691],[161.29034009955626,-77.86799531210964],[161.2843191132659,-77.86512477855734],[161.26142770651776,-77.86491739815801],[161.21912036041581,-77.85456738626763],[161.19221760838727,-77.84429339186097],[161.19463318047636,-77.84100579249353],[161.1754290709348,-77.8355550965038],[161.16774137323884,-77.83194840188071],[161.15799259328395,-77.82961819435383],[161.13437113552212,-77.82750976584356],[161.1222232521749,-77.82785588320468],[161.08910508083292,-77.82505750298975],[161.06940293266234,-77.82648486319289],[161.04048544455804,-77.82459467764244],[161.0272247652657,-77.82235959604877],[161.01690468343003,-77.81906334163212],[160.98430919785955,-77.81389170671653],[160.89364181092014,-77.8029415188649],[160.86887515234687,-77.80112698460815],[160.8390627779118,-77.79944905870505],[160.8055607828935,-77.79928106685247],[160.7601251372497,-77.79975935393105],[160.7416829563123,-77.80069427695479],[160.71559885534776,-77.79749044146145],[160.71726362260483,-77.79429615371892],[160.72027208349078,-77.79247727513165],[160.73751285451448,-77.78788367439297],[160.7416946084832,-77.7846208198922],[160.73105653062353,-77.78230295394222],[160.72380244853156,-77.77793845242604],[160.7009916129737,-77.77497186251034],[160.6869402430708,-77.77035604725674],[160.67863686000604,-77.7659107685457],[160.66434130794912,-77.75999801805902],[160.62108717352444,-77.75268987228924],[160.6181122824708,-77.74940394977394],[160.64875297140156,-77.74760536692035],[160.66845558973023,-77.74805240701173],[160.7059367428156,-77.75084035537935],[160.73218843713016,-77.75534062645008],[160.74489571426062,-77.75857877312886],[160.78796874197533,-77.76457140686574],[160.79009890889472,-77.76281346733929],[160.78159905487897,-77.76002236553165],[160.7778651080208,-77.75556305219949],[160.76748113009413,-77.75140711749255],[160.74626044902388,-77.74898520543711],[160.68599317233563,-77.73378981607964],[160.6608739473392,-77.72936499253021],[160.62831887099242,-77.72872059744556],[160.56454069185236,-77.73313789142878],[160.52864598689956,-77.73376401463527],[160.51952460022952,-77.73563315629666],[160.52492021223057,-77.73961511771219],[160.51196194009742,-77.74017423480315],[160.48795163014694,-77.74807796397664],[160.47219081511855,-77.75174731554324],[160.45638802075072,-77.75183523638009],[160.44286457703248,-77.75056049985812],[160.4328351831457,-77.74648114959052],[160.43329999999983,-77.74245],[160.5554666999999,-77.66116667],[160.59088010492812,-77.65927561235895],[160.59973965882244,-77.65534724653455],[160.61022483125927,-77.65332846537196],[160.62133630399643,-77.65237775266125],[160.6305213007835,-77.65332388831293],[160.64771913519232,-77.65665824904495],[160.69570884704206,-77.6579606613418],[160.70756203311018,-77.65655182015557],[160.71646669999978,-77.65341667000001],[160.70798817800372,-77.65046044492911],[160.68510075248935,-77.64695905923755],[160.67533737756543,-77.6441850732829],[160.67561349936085,-77.6403780740169],[160.69069008466656,-77.63844766623671],[160.72962915704352,-77.6306518484761],[160.74140100901164,-77.63000297307946],[160.74766481335283,-77.63200223591936],[160.74889391772828,-77.63489990563438],[160.76014860171708,-77.63676175134766],[160.77681353287346,-77.63749677727999],[160.80535048541307,-77.63605623653754],[160.81195063006624,-77.6385880172436],[160.79456489498426,-77.64927654796574],[160.79256960188258,-77.65269787716306],[160.7948269203004,-77.65643610732388],[160.81183329999962,-77.65875],[160.86489351477593,-77.65807535218899],[160.92958917824947,-77.66745154377477],[160.93995238838224,-77.66694280102331],[160.9660726480236,-77.67218110077219],[160.9644207094656,-77.66951190207337],[160.97136735460506,-77.66594800047213],[160.9793022727552,-77.66398538886916],[160.9913721513596,-77.66344793448182],[160.99709573906347,-77.65989604027088],[160.99637981042443,-77.66610883343253],[160.99309769959683,-77.66770113607028],[160.99367314884006,-77.66911887474708],[160.9977305046788,-77.66926456977285],[161.01108634548052,-77.66719057407595],[161.027334689409,-77.66731503465033],[161.03362954183842,-77.6651799909338],[161.04426185088442,-77.66657165401607],[161.0505533691635,-77.66443621593969],[161.05780741779859,-77.6648155836669],[161.0390903839971,-77.6724560448506],[161.036891827166,-77.673822545352],[161.0357330596603,-77.67587649833773],[161.02819297540768,-77.67700387780948],[161.04359454758668,-77.67721702266762],[161.04651726085785,-77.67895907031871],[161.0581481754532,-77.6824083724396],[161.07722480087335,-77.68426817282814],[161.08304663190978,-77.68652686451817],[161.07748142047336,-77.68642542958405],[161.06649882285944,-77.68470542031152],[161.0541910322435,-77.68486838809777],[161.06310308499997,-77.68689576799756],[161.09509160473084,-77.69060923573491],[161.11113559777192,-77.691322245811],[161.11704138900245,-77.69389108165456],[161.1330909719851,-77.69460278501683],[161.13111817337827,-77.69583337704933],[161.14501396419374,-77.69762167938522],[161.14197714743383,-77.70018728497196],[161.15409252939514,-77.7017939953922],[161.14704046592925,-77.69948692458371],[161.14935261571569,-77.69823007852482],[161.16716066829287,-77.70150966745177],[161.1775327152098,-77.69905726625997],[161.18284289453052,-77.70066420266623],[161.18246665206183,-77.70582726591505],[161.19271384479907,-77.70748669341513],[161.19008860037135,-77.7091281010451],[161.22573301833768,-77.70835288846258],[161.21279263670908,-77.71062105322524],[161.22584977676655,-77.71187162068682],[161.27583742553657,-77.71288959497241],[161.26935347238174,-77.71471039037728],[161.2528097498359,-77.71519436709937],[161.24393145844948,-77.71806279368718],[161.24490319065052,-77.72194816499929],[161.26231788665152,-77.72137424434872],[161.26729075352424,-77.7200545866184],[161.2700265013167,-77.72238812568453],[161.2669832320776,-77.72384707274671],[161.2867346390861,-77.72450795832285],[161.27852269970953,-77.72651001517107],[161.2821663638587,-77.72692513854304],[161.2935551739483,-77.72698255140298],[161.30927096668916,-77.72567271784193],[161.3215018178059,-77.72655229157795],[161.33505668912116,-77.72569596362229],[161.35476744643586,-77.72909363482258],[161.3409590719924,-77.73191572933304],[161.32718893430604,-77.73245229805097],[161.29925887291506,-77.73151225851447],[161.28440713042593,-77.73227406143054],[161.26767758773173,-77.73061101607072],[161.25234103858574,-77.73347260748831],[161.23447107162286,-77.73431954601419],[161.2168306572642,-77.73457152712224],[161.17837278617472,-77.73346805766133],[161.1761204625241,-77.73666369293248],[161.18572038873376,-77.73919078005845],[161.1975035237393,-77.74080654242475],[161.19525486659623,-77.74400237957448],[161.17590134575963,-77.74351817162999],[161.18120187994538,-77.7460392090035],[161.1925661142321,-77.7474718057947],[161.18690107542454,-77.74965749295494],[161.18596579298787,-77.75203255321186],[161.19555212186623,-77.75547331659645],[161.15738797058228,-77.75011723101412],[161.15435512182842,-77.75066102917621],[161.15105532871928,-77.75271247665265],[161.15704540137665,-77.75390979001449],[161.15871342446388,-77.7555575026758],[161.14280201256943,-77.75471049327678],[161.13715683035093,-77.75598121054449],[161.14377602228873,-77.75768252342614],[161.14157382226458,-77.75905008975833],[161.141101435284,-77.76023756019555],[161.1558223782824,-77.75824944489138],[161.15447098828867,-77.75998400624093],[161.15096406557439,-77.76171527208479],[161.1671800759223,-77.76014012258892],[161.16971536869596,-77.76169765719808],[161.16274929064454,-77.76378960141031],[161.16504963180572,-77.76594095020975],[161.1759612833991,-77.76856182695593],[161.1807893267248,-77.77272753395644],[161.1965327484256,-77.77997028226],[161.2018261294247,-77.78340508275505],[161.2404979517517,-77.79057613474245],[161.27264626510336,-77.79377383744261],[161.2855553185125,-77.79622493698143],[161.2955720045103,-77.79935811015125],[161.31137314311573,-77.80188702506133],[161.34361893796805,-77.80241039842593],[161.35860108028564,-77.80093687664235],[161.36187883588912,-77.79888272833497],[161.3611890026215,-77.79705410556492],[161.32882222847704,-77.78495483881724],[161.32794857678363,-77.78362111172251],[161.33778004825064,-77.77745987466268],[161.33228343539187,-77.77338020833179],[161.33520160579886,-77.77117384215614],[161.33990165308904,-77.76973061614063],[161.34762882300416,-77.76977502381213],[161.37379452613334,-77.77444101213901],[161.3894421165239,-77.7740327015606],[161.4124321644732,-77.77579850736782],[161.45899487313517,-77.77669669838464],[161.4838240445802,-77.7746487679522],[161.49155484678462,-77.77468906271282],[161.49839614907847,-77.77301515434723],[161.51439814436446,-77.7723712041534],[161.52896679380532,-77.76959344941974],[161.60766482190172,-77.76448935420824],[161.61986770180636,-77.76166901954437],[161.64191529638748,-77.7548468629923],[161.6453089228218,-77.75229436327277],[161.64385941263717,-77.75016219183183],[161.64383967368573,-77.74711564263087],[161.62942844457038,-77.73569503608539],[161.63635609661802,-77.72514494447086],[161.64150671653908,-77.72212441037216],[161.65124795067874,-77.72023952211099],[161.66235917507058,-77.71989795178526],[161.68005750102785,-77.72066305549436],[161.72456640728151,-77.72459730654653],[161.74158703361445,-77.72482796854415],[161.75386800555464,-77.72665335619645],[161.7804609545839,-77.72899794865953],[161.80770769885822,-77.72945735428134],[161.81791699133788,-77.72920668789526],[161.842147798712,-77.72672179982133],[161.85987891186733,-77.72795764245527],[161.9348030504525,-77.72883038532083],[161.96095944591232,-77.73048221949095],[161.99019218789869,-77.72985760353758],[162.00620208201227,-77.7287351203008],[162.0194117271318,-77.72944434216033],[162.0652408115548,-77.72875386895976],[162.09937742660446,-77.72948045648897],[162.16224675915282,-77.72569255289888],[162.17506275568957,-77.72414054269974],[162.20654088211043,-77.7234581007746],[162.22413090354573,-77.72185900866366],[162.24966117744884,-77.72156301891262],[162.27533959707677,-77.72222135130767],[162.2839193383224,-77.72465236707778],[162.27846170174934,-77.7268604725886],[162.24477210107221,-77.7309200294523],[162.1911245889918,-77.74122584470477],[162.15253065660588,-77.7440546679075],[162.1119673450255,-77.74816155202977],[162.0437836772966,-77.75158149901576],[162.02496798508028,-77.75514835161216],[161.99693958861013,-77.7584850479389],[161.98438774041153,-77.761064047691],[161.9657208228812,-77.76139704348738],[161.94307163233978,-77.76307489422457],[161.9296577287282,-77.76620096091985],[161.86331820592594,-77.76890246328075],[161.8150311096982,-77.76980449625385],[161.78017604531465,-77.76636125904788],[161.74719480826,-77.77156484903142],[161.73862803114196,-77.77583586815022],[161.72975336307647,-77.77907094281977],[161.71512455673474,-77.78291834373042],[161.70998236480028,-77.78621164514811],[161.6634329081915,-77.79817599810178],[161.65625710733647,-77.80213939722405],[161.65166927903238,-77.80567525706286],[161.7290817640372,-77.81453642953053],[161.7634397486552,-77.81530568856202],[161.78945047423377,-77.8171135940879],[161.820634964591,-77.81745165527734],[161.83943381495737,-77.81895678624923],[161.8616784562682,-77.81948184670894],[161.9381817355293,-77.81908277316371],[161.95499999999964,-77.81833333],[161.94929609780036,-77.82313073950645],[161.9324356876047,-77.8290653276587],[161.9115148218117,-77.83512599921409],[161.8833337219521,-77.84088898320387],[161.83635026425176,-77.84819203634956],[161.8063629659323,-77.8538270167193],[161.77751498641726,-77.85994538787368],[161.75791674711354,-77.86629813457006],[161.73971670000006,-77.87095],[161.69826602012776,-77.87169692576472],[161.6750505433251,-77.86987894687752],[161.63300734099755,-77.86958794928555],[161.61184663311,-77.87075034558956],[161.60083240920522,-77.87221468073042],[161.5782128564348,-77.87246048918779],[161.47864590583015,-77.88579414491583],[161.47311249905695,-77.88804734635576],[161.46440622834643,-77.88743481234096],[161.45307805415308,-77.88785702478484],[161.43829916209575,-77.88498609064258],[161.38490874575916,-77.8832495808488]],[[161.44235064476564,-77.83223208639872],[161.44043406227067,-77.82889474170226],[161.43049659135582,-77.82605629981656],[161.40757873718613,-77.82229619882969],[161.3868135121721,-77.82036377489165],[161.367285344301,-77.8226354783592],[161.36378314148175,-77.82482673160592],[161.36590440397862,-77.82757059025016],[161.37649172667213,-77.82954346395213],[161.3905626223956,-77.83069549432889],[161.40356762155892,-77.83070353449472],[161.40612413291112,-77.83408723558087],[161.40523753754965,-77.83554929237948],[161.40778363596743,-77.8398471179268],[161.41600607032117,-77.84149716427],[161.43034377009906,-77.839767818186],[161.4353519229578,-77.83798772721082],[161.44235064476564,-77.83223208639872]]]}},{"type":"Feature","properties":{"ASPA_No":172,"NAME":"Sub-aerial boundary, Lower Taylor Glacier and Blood Falls, Taylor Valley, McMurdo Dry Valleys","Propon":"USA","DesigInstr":"Measure 9","Area_km":0.1039,"PrimProtDe":"F","BiodivDesi":0,"EnvDomain":"S","Marine":0,"ACBR":"9"},"geometry":{"type":"Polygon","coordinates":[[[162.24179999999967,-77.7247],[162.2696333000001,-77.72113333000006],[162.2773166999995,-77.72113332999999],[162.27731670000009,-77.7226],[162.24179999999967,-77.7247]]]}},{"type":"Feature","properties":{"ASPA_No":173,"NAME":"Cape Washington and Silverfish Bay, Terra Nova Bay, Ross Sea","Propon":"Italy, United States","DesigInstr":"Measure 17","Area_km":279.989,"PrimProtDe":"C","BiodivDesi":1,"EnvDomain":"U","Marine":0,"ACBR":"8"},"geometry":{"type":"Polygon","coordinates":[[[165.45406429814867,-74.61696259941282],[165.45352155740608,-74.61958523422621],[165.4549511573223,-74.62123789573674],[165.45514120004898,-74.6229942617668],[165.45358410159199,-74.62544264792693],[165.44999999999976,-74.66666666999998],[164.55,-74.66666667000001],[164.54988739597783,-74.6634695001723],[164.5398900926942,-74.65880158994483],[164.53781721900094,-74.6555421013766],[164.5373224972957,-74.65301958572951],[164.53104637221017,-74.647794435677],[164.5300277450357,-74.64502628954324],[164.5322388611413,-74.64290943885261],[164.54282373772256,-74.63726282305545],[164.54523271325104,-74.63495337320627],[164.5363989992764,-74.62394703132657],[164.5150650361049,-74.61595724286283],[164.50538211197548,-74.60654279649013],[164.50863016859088,-74.60118775931002],[164.50934648696276,-74.59751112682294],[164.50885827541106,-74.5949889650526],[164.5063205911326,-74.59293733217065],[164.50675761965297,-74.59027608810001],[164.50100432996808,-74.58757291919261],[164.49424949071008,-74.58583162411821],[164.49597176913514,-74.58119324868515],[164.4993818539324,-74.57792260041401],[164.48832881933748,-74.5698548879186],[164.4967064302031,-74.56565639267963],[164.5010914844176,-74.56573017896216],[164.52294513690043,-74.56253910062793],[164.52946159704297,-74.56030036631572],[164.53442602558513,-74.56144747900936],[164.53191772079964,-74.56685563333167],[164.53031767406767,-74.56839490243641],[164.53068598165652,-74.57028640555302],[164.5413598865873,-74.56900102571703],[164.5602313028238,-74.56956084160839],[164.56897856822314,-74.57538162006072],[164.57376694360133,-74.57676880705125],[164.58895780707329,-74.57788350443995],[164.611008163373,-74.57763567073982],[164.61931117041854,-74.57637990916851],[164.63063334602057,-74.57596601346731],[164.6901055516744,-74.5809273242706],[164.70478889650636,-74.5795122079016],[164.70749245540915,-74.57763902231194],[164.70690408694955,-74.57594042843944],[164.71144970140858,-74.57378743877366],[164.71763866485426,-74.57154695676557],[164.72928543118257,-74.56928925053879],[164.74697986842932,-74.56871197277302],[164.7487558421307,-74.56925476725164],[164.75165115130076,-74.57174116499273],[164.76105980064,-74.57242357288021],[164.77453557082856,-74.5706362290283],[164.77651871897055,-74.56917078946918],[164.78326754415502,-74.56933095660015],[164.8069585069634,-74.57661922095184],[164.80698895256006,-74.57901381811281],[164.81057686736585,-74.58064597991961],[164.81881069567203,-74.58219916133761],[164.82449709304643,-74.5815336443802],[164.83707095933798,-74.58252659888718],[164.8637514201013,-74.58245021821789],[164.88035265798501,-74.58451988793348],[164.88114290227878,-74.58435650037823],[164.8806615051717,-74.58301401389508],[164.87518783288584,-74.58061935880923],[164.8743147835395,-74.57915309680233],[164.87772055497325,-74.57749046342131],[164.88240506089997,-74.57647906893436],[164.884239776433,-74.57507168665093],[164.88192004573824,-74.57204563238417],[164.8828608225386,-74.57031451858728],[164.89405728811627,-74.56583106913149],[164.89716401239127,-74.56515033839571],[164.920589380334,-74.5653133897399],[164.93030801532086,-74.56414956653609],[164.9436149651987,-74.56096833338147],[164.9727867174058,-74.55974873351055],[164.9762997289156,-74.5616535271341],[164.9893850427428,-74.56176170235307],[165.00473933593972,-74.55952907246393],[165.011740681747,-74.55740695150503],[165.030694702712,-74.5571850854878],[165.03502301628941,-74.5588157548958],[165.04685117263637,-74.5586243772113],[165.04733251673846,-74.55969179965169],[165.04539830514005,-74.56162067521892],[165.0498386926895,-74.56338296039642],[165.06765857818797,-74.56340946110338],[165.10175647560598,-74.56500155103873],[165.1207334614859,-74.56386610670671],[165.13160290691386,-74.56463482283327],[165.14290200749195,-74.56419401980472],[165.1746004400073,-74.56663700902708],[165.178992209445,-74.56612036126896],[165.17892756257186,-74.56384411443929],[165.1803122376527,-74.56167010336728],[165.18199541735441,-74.56075606874016],[165.18890057133217,-74.56082955640427],[165.19627173360672,-74.55887049829384],[165.2146603089113,-74.55830580400773],[165.24048304630648,-74.55540597004236],[165.25884637802196,-74.55708394333107],[165.27590422979404,-74.56351551025874],[165.3062069150174,-74.56982253232339],[165.31408203551197,-74.57339953972235],[165.31484889168166,-74.5755473841599],[165.3130159131385,-74.57737368957307],[165.31297121364668,-74.57927048820788],[165.31341207161063,-74.58089353241034],[165.31496862278,-74.58231945627388],[165.32131891160125,-74.58369042061702],[165.32347338203817,-74.58643223335146],[165.33651874388897,-74.59001418566625],[165.338769276907,-74.59180682786271],[165.3582041017946,-74.59844955831895],[165.35816706240522,-74.59911914306376],[165.35395102219266,-74.60076161293783],[165.35105619389367,-74.60374388990675],[165.35771058484966,-74.6068187408908],[165.35542382304692,-74.61041641221573],[165.35210981270797,-74.61354929970662],[165.35598920532706,-74.61702977962791],[165.45406429814867,-74.61696259941282]]]}},{"type":"Feature","properties":{"ASPA_No":174,"NAME":"Stornes, Larsemann Hills, Princess Elizabeth Land","Propon":"Australia, China, India, Russia Federation","DesigInstr":"Measure 12","Area_km":21.3128,"PrimProtDe":"F","BiodivDesi":0,"EnvDomain":"D","Marine":0,"ACBR":"7"},"geometry":{"type":"Polygon","coordinates":[[[76.0560201084176,-69.4777834089851],[76.05825805671216,-69.47578116885727],[76.04903411846797,-69.47362973531033],[76.05304717935225,-69.47265319740933],[76.06825705723615,-69.47278376551832],[76.07482016861486,-69.47163371087309],[76.07468624696727,-69.47089627538591],[76.07268982498009,-69.46999693456294],[76.06183402083659,-69.46890036494537],[76.06307681984957,-69.46799924260789],[76.06687052555843,-69.46763774301823],[76.06476699429989,-69.465964888551],[76.05227803652188,-69.4642976260253],[76.06347959485643,-69.46369978202733],[76.06415105038882,-69.46337096335375],[76.0620486797058,-69.462942025577],[76.06554671425694,-69.46189135003323],[76.07589916112055,-69.46150348496477],[76.07063987543316,-69.46038462024192],[76.07462376403477,-69.46005091508367],[76.07367696278334,-69.45928533198463],[76.06695370258302,-69.45962322181379],[76.0641202448514,-69.45880868336256],[76.08605847593213,-69.45823960429861],[76.09545660409508,-69.46153449456982],[76.10266355722824,-69.46188010027285],[76.10909498548712,-69.46064385981555],[76.11356005789396,-69.4581833239125],[76.11387237075606,-69.45728756166969],[76.10849350935882,-69.45709811257946],[76.10894469597032,-69.45676858862174],[76.11215514949205,-69.4562196474833],[76.119368800702,-69.45722235510954],[76.11972579560272,-69.45673462798236],[76.11633881916667,-69.45496088823167],[76.1166801318136,-69.45361450816775],[76.11380184346399,-69.45339380488983],[76.11569153067516,-69.4519069735852],[76.11645713276334,-69.45008391371276],[76.11250225109093,-69.44842343652002],[76.09624531428754,-69.44630079403993],[76.08356166869282,-69.4468975516533],[76.08273467630443,-69.44651840169284],[76.08267514587736,-69.44519241116171],[76.07354903062786,-69.44267723770606],[76.05485584368482,-69.44222660116458],[76.04647928779477,-69.44016522518653],[76.04488330160486,-69.44054325491754],[76.04590077711389,-69.44116164117872],[76.04352136074395,-69.44246732570286],[76.019222737412,-69.4447612111701],[76.02281280314337,-69.4442835818919],[76.02185488557478,-69.44422488180838],[76.02405909186363,-69.44322626225178],[76.01257365727297,-69.44365242516157],[76.01155570771017,-69.44321589217972],[76.01231713713996,-69.44246957258558],[76.00807949126812,-69.4421570225407],[76.0059090204375,-69.43991527166996],[76.001699611342,-69.4391611133772],[76.00252931773588,-69.43903121257992],[75.9936153254463,-69.43773583442996],[75.98900023002844,-69.43814868958009],[75.98816884673542,-69.43784155731991],[75.98996202416656,-69.4376770693708],[75.99120941967914,-69.43660556298124],[75.97928144694099,-69.43546397118274],[75.98328939574294,-69.43348529191188],[75.98237745343877,-69.43222489148356],[75.98095869115797,-69.43198688973541],[75.98107090324861,-69.43123126454924],[75.98851506336598,-69.42957847630984],[75.98929325368309,-69.42984498364295],[75.9886579686847,-69.43040948520205],[75.99551915329398,-69.43043605723662],[75.99933903025604,-69.43235998412574],[76.00100139812066,-69.43436542891682],[76.00330825171429,-69.43482442670076],[76.00458305045042,-69.43440120674512],[76.00104398440737,-69.43301366318462],[76.0048308212379,-69.43103595283092],[76.01377121704672,-69.43129880835397],[76.01731692234412,-69.43023376424213],[76.02435529114189,-69.43345388918064],[76.03342136408754,-69.43363559113992],[76.03543489083583,-69.43262065002737],[76.03136746259374,-69.43085965261524],[76.02916774193648,-69.42851378675454],[76.0304169220603,-69.42762807937248],[76.02981014031207,-69.42682718897049],[76.03245547938852,-69.4278819404864],[76.03442095490516,-69.42672748567173],[76.02991420187313,-69.42672571795356],[76.02965406190256,-69.42514376346914],[76.03672309759813,-69.42291844652468],[76.04150542836636,-69.42436098982891],[76.04211237028233,-69.42608291285224],[76.04162268441202,-69.42712271474448],[76.04352968381484,-69.42792033821583],[76.04418942534382,-69.43004895570365],[76.04538227511061,-69.4302610122898],[76.04497887872441,-69.43116186988043],[76.04668100960843,-69.4326099150296],[76.04651525549787,-69.43412602249845],[76.0496261256917,-69.43406284780913],[76.0557870018093,-69.43129016475488],[76.05636934848076,-69.42810681622035],[76.05577861154373,-69.427084309517],[76.06352599059171,-69.42229846357705],[76.06111164100396,-69.42197172261041],[76.05748907938475,-69.42286024614737],[76.05716303751481,-69.42090803564037],[76.05127634998584,-69.41791598529407],[76.05874881273395,-69.41365056400238],[76.05788654650507,-69.41175138607436],[76.05190688951312,-69.4112044383084],[76.05182058696276,-69.40947579044936],[76.04999496145108,-69.40866845292314],[76.05219500877963,-69.40631807535749],[76.06312123816735,-69.40604599695295],[76.06906701363636,-69.40448610643675],[76.06976810183669,-69.4035783635138],[76.06906988168456,-69.40298915421809],[76.07119465226491,-69.40215789320193],[76.07204937329115,-69.40298843697353],[76.0705493036031,-69.40516268205333],[76.0723039877153,-69.40595188505883],[76.07150551558253,-69.4076698514377],[76.07285136662827,-69.40859592402778],[76.07348786842478,-69.41027503781767],[76.07056732758541,-69.41338731108276],[76.07317704365576,-69.41405849245207],[76.07539947143881,-69.41340848465614],[76.07494333948247,-69.41210122980722],[76.08154738140033,-69.40939444435558],[76.07856853740049,-69.40906208070905],[76.07799864448394,-69.40829759853733],[76.0790883277573,-69.40576234704145],[76.08197559991103,-69.40403523632251],[76.08204150308862,-69.40283747938474],[76.07985702200556,-69.40182584149711],[76.081553719024,-69.39860136576546],[76.08100902110678,-69.39729082741736],[76.08342434306599,-69.39594276390484],[76.08539159792497,-69.39592119499297],[76.08749757024957,-69.39715719281423],[76.0915455765674,-69.39660721384521],[76.0951235861472,-69.39790578911604],[76.10203452704235,-69.39698251669242],[76.11379907338336,-69.39683132118822],[76.1243859222166,-69.40151851372205],[76.12534512838286,-69.40017837211882],[76.12466911847103,-69.39905896103922],[76.12615179056034,-69.39861460852198],[76.12972817385159,-69.39802357800733],[76.13246075186757,-69.39845733672323],[76.13276975136213,-69.39949794087757],[76.13456960193673,-69.39943945330656],[76.13498072761271,-69.39859527448597],[76.13189851033998,-69.39714085715596],[76.13168393554953,-69.39603806338087],[76.13233671055033,-69.39586942440496],[76.12274576978058,-69.39629042998806],[76.12173907911207,-69.3942388217491],[76.11891770551769,-69.39278117905094],[76.12030593827406,-69.39180729045637],[76.12320754537697,-69.39155206727591],[76.12487846134644,-69.39194306575672],[76.12508269692422,-69.39298207408036],[76.14174873451175,-69.39604602374422],[76.14507586855312,-69.39731608811854],[76.1468958967573,-69.39898658803254],[76.14648568789426,-69.40079845838437],[76.14473139854789,-69.40215504803889],[76.14063921319742,-69.4031436506617],[76.14152639272078,-69.40391551563444],[76.14626734056492,-69.40357204683586],[76.14802645589599,-69.40479291945272],[76.14553841342214,-69.40617851294853],[76.14494829135283,-69.40752670821861],[76.14588509970132,-69.40789445176702],[76.14616007808694,-69.40950925094982],[76.14175329712724,-69.41145215619483],[76.14071992722273,-69.41242641373056],[76.14112995109211,-69.41284176670418],[76.1368949477985,-69.41514078959341],[76.14013622531536,-69.41740260404183],[76.14259562982441,-69.41789054789172],[76.14190328991039,-69.4190421152498],[76.14275784964313,-69.42088303465289],[76.14225341513118,-69.42174205850316],[76.14394977726256,-69.42237827798047],[76.14221755068576,-69.42425526009873],[76.13499999999979,-69.42472221999991],[76.10000000075,-69.43360000035749],[76.09388889000003,-69.4363888899999],[76.0936111099998,-69.43749999999989],[76.09388889,-69.43861110999991],[76.09555556000004,-69.43944443999983],[76.10027777999994,-69.4405555599999],[76.13666666999983,-69.44333332999989],[76.14027777999979,-69.44416666999993],[76.14166667000006,-69.4463888899999],[76.13944443999992,-69.45],[76.13555555999997,-69.4527777799999],[76.06,-69.4775],[76.0560201084176,-69.4777834089851]]]}},{"type":"Feature","properties":{"ASPA_No":175,"NAME":"Cryptogam Ridge & Geothermal Slope, Mount Melbourne, High Alt Geotherm Sites of the Ross Sea region","Propon":"United States","DesigInstr":"Measure 13","Area_km":0.0221,"PrimProtDe":"C","BiodivDesi":1,"EnvDomain":"U","Marine":0,"ACBR":"8"},"geometry":{"type":"MultiPolygon","coordinates":[[[[164.70050439999991,-74.35381667000001],[164.70249219999988,-74.35357361],[164.70353579999997,-74.35404639000004],[164.70096499999977,-74.35433888999997],[164.70050439999991,-74.35381667000001]]],[[[164.69212559999974,-74.35566361],[164.69753809999966,-74.35536305999997],[164.7019472,-74.35648750000001],[164.69237529999984,-74.35613777999998],[164.69212559999974,-74.35566361]]]]}},{"type":"Feature","properties":{"ASPA_No":175,"NAME":"Tramway Ridge, Mount Erebus, High Altitude Geothermal Sites of the Ross Sea region","Propon":"United States","DesigInstr":"Measure 13","Area_km":0.0389,"PrimProtDe":"C","BiodivDesi":1,"EnvDomain":"U","Marine":0,"ACBR":"9"},"geometry":{"type":"Polygon","coordinates":[[[167.1141872,-77.51721556000003],[167.11403359999952,-77.51901333000006],[167.1057460999998,-77.51897972],[167.1059030999999,-77.51718138999998],[167.1141872,-77.51721556000003]]]}},{"type":"Feature","properties":{"ASPA_No":175,"NAME":"Northwest Slope, Mount Melbourne, High Altitude Geothermal Sites of the Ross Sea region","Propon":"United States","DesigInstr":"Measure 13","Area_km":0.1766,"PrimProtDe":"C","BiodivDesi":1,"EnvDomain":"U","Marine":0,"ACBR":"8"},"geometry":{"type":"Polygon","coordinates":[[[164.65055559999996,-74.35],[164.6680556,-74.35],[164.66805559999978,-74.35305556],[164.65055560000005,-74.35305556000009],[164.65055559999996,-74.35]]]}},{"type":"Feature","properties":{"ASPA_No":175,"NAME":"Mount Rittman, High Altitude Geothermal Sites of the Ross Sea region","Propon":"United States","DesigInstr":"Measure 13","Area_km":0.0225,"PrimProtDe":"C","BiodivDesi":1,"EnvDomain":"U","Marine":0,"ACBR":"NA"},"geometry":{"type":"Polygon","coordinates":[[[165.6191291999998,-73.47206389000003],[165.61390689999982,-73.47216056],[165.6121808,-73.47188806000001],[165.6178993999999,-73.47122361],[165.6232824999999,-73.47278194],[165.6223721999998,-73.47317666999999],[165.6191291999998,-73.47206389000003]]]}},{"type":"Feature","properties":{"ASPA_No":176,"NAME":"Rosenthal Islands, Anvers Island, Palmer Archipelago","Propon":"United States","DesigInstr":"Measure 19 (2021)","Area_km":110.8153,"PrimProtDe":"C","BiodivDesi":1,"EnvDomain":"B","Marine":1,"ACBR":"3"},"geometry":{"type":"MultiPolygon","coordinates":[[[[-64.23197539376838,-64.6815755698977],[-64.25900582032776,-64.68134617479744],[-64.26807497536262,-64.67987514004712],[-64.27919393761324,-64.67620240654868],[-64.2839831097192,-64.67311944505369],[-64.29411140678474,-64.67052945905706],[-64.30012653576398,-64.66763855211137],[-64.352580460692,-64.63029220493328],[-64.35626267529521,-64.62517494151732],[-64.35558382570412,-64.62226726127602],[-64.3526397462752,-64.61952307884432],[-64.35633569903064,-64.61593421540847],[-64.35673037971443,-64.61418403238558],[-64.35600930373931,-64.61186302659415],[-64.35312895756041,-64.60912890137169],[-64.34862871036766,-64.60690895517502],[-64.3379999889903,-64.6035381911312],[-64.33229091371331,-64.60257224745436],[-64.3280709584999,-64.59849563512304],[-64.3198935878106,-64.59571929502577],[-64.32039300369453,-64.59359172541012],[-64.31967803609311,-64.59139887306227],[-64.31512013056798,-64.58775068501357],[-64.29235541241397,-64.58100098493878],[-64.29198962550399,-64.5779037638446],[-64.29053030279664,-64.57557102835128],[-64.28675861414204,-64.57296069252986],[-64.28083714342345,-64.57062889488671],[-64.28009266746591,-64.56808072832845],[-64.27800640582606,-64.56591781437417],[-64.27311677390078,-64.56333676372032],[-64.26692399800244,-64.56153852388387],[-64.24973431632338,-64.55036916339571],[-64.09999692481556,-64.55003554111725],[-64.09955046846278,-64.57735887999837],[-64.11243744683193,-64.582240085598],[-64.12537486706098,-64.58384714167626],[-64.1333018195814,-64.58755567360834],[-64.14575994304644,-64.59054867376986],[-64.14906197784747,-64.59342065868775],[-64.15457717884772,-64.59574314699084],[-64.16589871799923,-64.59733992830039],[-64.17710608457833,-64.60016104867589],[-64.16958696513856,-64.6057670648609],[-64.16764527522996,-64.60832394726133],[-64.16718349433597,-64.61301834923822],[-64.16833858762297,-64.6157293987788],[-64.16785928532194,-64.61765166274947],[-64.1644995635432,-64.6219872116099],[-64.1645660820571,-64.62445397272556],[-64.16624324539443,-64.62704009381294],[-64.16422607408468,-64.63306096547637],[-64.16596684731483,-64.63756333092927],[-64.17111980603174,-64.64248383784133],[-64.17211752253453,-64.64714207828645],[-64.17516972101784,-64.65030413001571],[-64.17584408006755,-64.65339963508464],[-64.17773247379971,-64.65581715450833],[-64.18288213959238,-64.65868005522672],[-64.19186535420185,-64.66104870941439],[-64.19960425575724,-64.6656972125028],[-64.20883877640003,-64.66912790591822],[-64.21178558314448,-64.67665526633726],[-64.2149355541888,-64.67872466125684],[-64.23197539376838,-64.6815755698977]]],[[[-63.150141357029156,-64.48780837354052],[-63.15368895478648,-64.48787193742216],[-63.151063891564164,-64.4851623198983],[-63.149444393943355,-64.48044792748928],[-63.14690058648601,-64.47912131749385],[-63.150141357029156,-64.48780837354052]]],[[[-63.1425503943648,-64.47532386130094],[-63.14213675855605,-64.47234299148792],[-63.139868292405225,-64.47156242312154],[-63.13880948243852,-64.47323806501615],[-63.1425503943648,-64.47532386130094]]]]}},{"type":"Feature","properties":{"ASPA_No":177,"NAME":"Horton, Hurley and Turner Glaciers, Léonie Islands and South-East Adelaide Island, Antarctic Peninsu","Propon":"United Kingdom","DesigInstr":"Measure 20 (2021)","Area_km":101.0,"PrimProtDe":"G","BiodivDesi":1,"EnvDomain":"E","Marine":0,"ACBR":"3"},"geometry":{"type":"MultiPolygon","coordinates":[[[[-68.39190245164427,-67.55176824037282],[-68.3916605861525,-67.55178878520108],[-68.39155145732836,-67.5518109172745],[-68.39190245164427,-67.55176824037282]]],[[[-68.39190245164427,-67.55176824037282],[-68.3953156266938,-67.55283646856412],[-68.39433355474281,-67.55390879774411],[-68.39550168195646,-67.55448432044317],[-68.40334402674367,-67.55550602454483],[-68.40695968709345,-67.55739925834521],[-68.40635830297637,-67.55819492143958],[-68.40735675407014,-67.55856683410862],[-68.4094583728764,-67.58210298436335],[-68.4079117764547,-67.58271924863395],[-68.40834022407353,-67.58323755533148],[-68.39021369011965,-67.60651860238653],[-68.38725587382118,-67.60921635084702],[-68.38523245394248,-67.61349992751109],[-68.38533998659469,-67.6165470024913],[-68.38768470217656,-67.61762641685901],[-68.38716361764256,-67.61882607202058],[-68.39243293269146,-67.62151994309528],[-68.39538963695661,-67.6221394579115],[-68.39664730361969,-67.62395033582153],[-68.40220482048981,-67.6244885755572],[-68.40689299393527,-67.62715540040787],[-68.40439455985809,-67.62851610044153],[-68.40582000181175,-67.62945966276126],[-68.40475615329713,-67.62992736367471],[-68.40508713338596,-67.63042786334924],[-68.40241599706947,-67.6341409439299],[-68.40267629217546,-67.63555889898808],[-68.40417509129797,-67.63667892632067],[-68.40282722824463,-67.63753077124346],[-68.40938325969302,-67.64322882020508],[-68.40906530143916,-67.64461229407254],[-68.40963100218269,-67.64501788232836],[-68.4134623822338,-67.64350807927259],[-68.42135208266322,-67.63813641379478],[-68.43166179245642,-67.63356858074077],[-68.44273945520787,-67.63198948281975],[-68.45534504995162,-67.63434731371079],[-68.45757227032044,-67.63254081139173],[-68.46654174236912,-67.6322917916586],[-68.48250752293924,-67.63393103440814],[-68.48735789766938,-67.63297472471565],[-68.5007161913465,-67.63532794477395],[-68.50469944026732,-67.63489456952013],[-68.50679729068536,-67.63299266090992],[-68.50940467278768,-67.63213414860212],[-68.52108797062618,-67.62955196869218],[-68.52155575114433,-67.6268931297559],[-68.52984381710414,-67.62194267923012],[-68.53694314674351,-67.62193030521227],[-68.54424070256604,-67.61783523423041],[-68.56115521098684,-67.61618991210999],[-68.5649754237535,-67.61319222576378],[-68.56955314710018,-67.61104733975039],[-68.58026341436377,-67.61131072263487],[-68.59381380183184,-67.60995358452739],[-68.60014146930605,-67.60851610438495],[-68.60641692006197,-67.61191999365681],[-68.61622413049838,-67.61009449339575],[-68.63338316951206,-67.6088208104483],[-68.63422519469236,-67.60701512034932],[-68.63380398919068,-67.60407323350924],[-68.63177438500543,-67.60170472239398],[-68.63380588821535,-67.5965261552801],[-68.6358899462693,-67.59462258157929],[-68.63806145474095,-67.59048787191283],[-68.64250771875378,-67.58857854833151],[-68.64528658287742,-67.58368281004037],[-68.64524772686873,-67.58135706951839],[-68.62003486508034,-67.58291642348243],[-68.60456091296916,-67.59465013982073],[-68.56860747681753,-67.59470619445439],[-68.56908096813709,-67.58448489145209],[-68.58444907596785,-67.58158862677891],[-68.58939802740484,-67.5798695872323],[-68.5924677448779,-67.57720505344224],[-68.59281455780828,-67.57540061870692],[-68.59054840094913,-67.57341182252787],[-68.59078537081967,-67.57260440532504],[-68.59262772552711,-67.57108161825661],[-68.5960951106185,-67.57021987496967],[-68.60150831420577,-67.56650589775231],[-68.61093304030544,-67.5652510929825],[-68.61819873626655,-67.55385715636679],[-68.61383325306764,-67.54859827197322],[-68.61316339467437,-67.54742498743273],[-68.61360003816844,-67.54553723106073],[-68.61102641509162,-67.5416270267078],[-68.59633507290302,-67.53649713750897],[-68.59349022596766,-67.5328720333526],[-68.59038907525023,-67.5307782002211],[-68.56568819180625,-67.53467294421128],[-68.55355224249142,-67.52858453508969],[-68.5538578478669,-67.52338643229365],[-68.55271612793685,-67.52139499546196],[-68.54375836679623,-67.51913311521791],[-68.54129997722524,-67.5158623975514],[-68.54032562104565,-67.5122329934259],[-68.53529526776053,-67.51145874239734],[-68.52134539042967,-67.51119791833378],[-68.5146637796733,-67.51234815876786],[-68.49651340299268,-67.51949668962435],[-68.48442290521919,-67.51958583447119],[-68.47960500267043,-67.52151510151447],[-68.45969678324278,-67.52125729654674],[-68.4425921679174,-67.52256010773044],[-68.43907266709608,-67.52448661600032],[-68.43535706531294,-67.52520289505914],[-68.4202828193835,-67.52479224592936],[-68.41303476485879,-67.52601007593175],[-68.41976182470052,-67.52999028618748],[-68.42089689998622,-67.5325522396369],[-68.41942318476691,-67.53468974139446],[-68.42166818373954,-67.5362537457997],[-68.42167952381473,-67.53782009995236],[-68.40830477897242,-67.54217681487603],[-68.39190245164427,-67.55176824037282]]]]}},{"type":"Feature","properties":{"ASPA_No":177,"NAME":"Donnelly Island, Léonie Islands and South-East Adelaide Island, Antarctic Peninsula","Propon":"United Kingdom","DesigInstr":"Measure 20 (2021)","Area_km":0.12,"PrimProtDe":"A","BiodivDesi":1,"EnvDomain":"B","Marine":0,"ACBR":"3"},"geometry":{"type":"Polygon","coordinates":[[[-68.18898056858536,-67.60644903494317],[-68.19093257509431,-67.60825544559643],[-68.19774207757357,-67.60936501870206],[-68.1910511890244,-67.60931904582698],[-68.19749796446563,-67.61186638806724],[-68.20028461053651,-67.61216958704561],[-68.20168842357923,-67.61154355922666],[-68.20118225913211,-67.61100052752825],[-68.20279894328031,-67.61063934199028],[-68.20101684234197,-67.60906284815741],[-68.1955899491231,-67.60721378867531],[-68.18898056858536,-67.60644903494317]]]}},{"type":"Feature","properties":{"ASPA_No":177,"NAME":"Anchorage Island, Léonie Islands and South-East Adelaide Island, Antarctic Peninsula","Propon":"United Kingdom","DesigInstr":"Measure 20 (2021)","Area_km":0.6,"PrimProtDe":"E","BiodivDesi":1,"EnvDomain":"B","Marine":0,"ACBR":"3"},"geometry":{"type":"Polygon","coordinates":[[[-68.21342902854774,-67.60245965875967],[-68.20630194950911,-67.59865133336297],[-68.20340469134072,-67.59608178969623],[-68.20038181833644,-67.59499358328509],[-68.19656841231433,-67.59499516709121],[-68.19093554353968,-67.59342127281369],[-68.18795481571276,-67.59436111156825],[-68.18845298567354,-67.59500033381447],[-68.18782581252175,-67.5949904411694],[-68.18919149443721,-67.59553776833296],[-68.19280331932066,-67.59606268513149],[-68.19294445361201,-67.59670880139606],[-68.20313460630543,-67.60004618704359],[-68.19758800898269,-67.59889282348126],[-68.19728363121017,-67.59938410351297],[-68.19879951429367,-67.59959268664745],[-68.19806078805672,-67.59991349679258],[-68.19911046479132,-67.60000449224448],[-68.19931196944889,-67.60078580645796],[-68.20254366775522,-67.60160521653798],[-68.19831604881823,-67.60251582277351],[-68.19889337746464,-67.6028702073218],[-68.18996007881927,-67.60040488465458],[-68.18909864418943,-67.60069088584113],[-68.18960945696726,-67.60156190064554],[-68.19172828739096,-67.60173623558299],[-68.19414505082948,-67.60322638410179],[-68.21223910875473,-67.60614380631431],[-68.20346483678848,-67.60579949561095],[-68.20436005086803,-67.60717867207953],[-68.20728671413221,-67.60828068839754],[-68.20245224964623,-67.60798333089565],[-68.20361108645132,-67.60814248959578],[-68.20304740241724,-67.60846008101836],[-68.21103433032711,-67.60995695502457],[-68.21483544507014,-67.60880830937404],[-68.21539690908972,-67.60931753910249],[-68.21465326373928,-67.60977808124403],[-68.21673137861148,-67.61084990425964],[-68.22217808573743,-67.61127294366452],[-68.23256832646715,-67.61540821578238],[-68.23629582846705,-67.61576994698575],[-68.23446765777337,-67.61461050207934],[-68.23444278768243,-67.61355449302205],[-68.22877462355653,-67.61112766855663],[-68.22536381454867,-67.60745667768293],[-68.22226751868077,-67.60600621205926],[-68.21507067111753,-67.60372590464404],[-68.20673054653221,-67.60252811480305],[-68.20867820089566,-67.60175673556043],[-68.21342902854774,-67.60245965875967]]]}},{"type":"Feature","properties":{"ASPA_No":177,"NAME":"East Lagoon Island, Léonie Islands and South-East Adelaide Island, Antarctic Peninsula","Propon":"United Kingdom","DesigInstr":"Measure 20 (2021)","Area_km":0.2,"PrimProtDe":"C","BiodivDesi":1,"EnvDomain":"B","Marine":0,"ACBR":"3"},"geometry":{"type":"Polygon","coordinates":[[[-68.23889448035693,-67.59033614810555],[-68.23281223465099,-67.59072743231697],[-68.22583647714956,-67.59214241062628],[-68.23054050961191,-67.59515782267114],[-68.23625061602777,-67.59611503955652],[-68.23882293507504,-67.59470267647758],[-68.23889448035693,-67.59033614810555]]]}},{"type":"Feature","properties":{"ASPA_No":177,"NAME":"Mucklescarf Island, Léonie Islands and South-East Adelaide Island, Antarctic Peninsula","Propon":"United Kingdom","DesigInstr":"Measure 20 (2021)","Area_km":0.002,"PrimProtDe":"C","BiodivDesi":1,"EnvDomain":"B","Marine":0,"ACBR":"3"},"geometry":{"type":"Polygon","coordinates":[[[-68.26120936982403,-67.59379234428833],[-68.26085251633441,-67.59419862047959],[-68.26171345064657,-67.5941189430253],[-68.26120936982403,-67.59379234428833]]]}},{"type":"Feature","properties":{"ASPA_No":177,"NAME":"Walton Terraces, Léonie Islands and South-East Adelaide Island, Antarctic Peninsula","Propon":"United Kingdom","DesigInstr":"Measure 20 (2021)","Area_km":1.5,"PrimProtDe":"C","BiodivDesi":1,"EnvDomain":"B","Marine":0,"ACBR":"3"},"geometry":{"type":"Polygon","coordinates":[[[-68.3634863386374,-67.6038081655198],[-68.35891757214733,-67.5975896615651],[-68.3504698473655,-67.5958430476662],[-68.35218888060898,-67.5993016315759],[-68.35666771625428,-67.60149047892868],[-68.35826058849167,-67.60399386015658],[-68.3634863386374,-67.6038081655198]]]}},{"type":"Feature","properties":{"ASPA_No":178,"NAME":"Inexpressible Island and Seaview Bay, Ross Sea","Propon":"China, Italy, Korea (ROK)","DesigInstr":"Measure 21 (2021)","Area_km":3.31,"PrimProtDe":"C","BiodivDesi":1,"EnvDomain":"S","Marine":1,"ACBR":"8"},"geometry":{"type":"Polygon","coordinates":[[[163.7030623080002,-74.88726934427179],[163.7251790594106,-74.8872693442757],[163.7278331319552,-74.88827998995689],[163.72734919072184,-74.89075538023857],[163.72795929686401,-74.89133657147221],[163.7500743235031,-74.89592521333694],[163.75000000000023,-74.91292654927287],[163.71975301800012,-74.91292654927288],[163.70306230821177,-74.9080372568836],[163.7030623080002,-74.88726934427179]]]}},{"type":"Feature","properties":{"ASPA_No":179,"NAME":"Site A, Tanngarden, Parts of Western Sør Rondane Mountains, Dronning Maud Land, East Antarctica","Propon":"Belgium","DesigInstr":"Measure 18 (2023)","Area_km":3.132,"PrimProtDe":"B","BiodivDesi":1,"EnvDomain":"T","Marine":0,"ACBR":"6"},"geometry":{"type":"Polygon","coordinates":[[[22.934722222000058,-72.03861111099995],[22.91805555600007,-72.02916666699994],[22.92472222200007,-72.01194444399991],[22.956666667000032,-72.01888888899995],[22.963611111000038,-72.02583333299995],[22.967777778000034,-72.03138888899996],[22.934722222000058,-72.03861111099995]]]}},{"type":"Feature","properties":{"ASPA_No":179,"NAME":"Site B, Petrellnuten, Parts of Western Sør Rondane Mountains, Dronning Maud Land, East Antarctica","Propon":"Belgium","DesigInstr":"Measure 18 (2023)","Area_km":2.476,"PrimProtDe":"B","BiodivDesi":1,"EnvDomain":"T","Marine":0,"ACBR":"6"},"geometry":{"type":"Polygon","coordinates":[[[22.801389,-72.02],[22.816944,-72.002778],[22.845556,-72.001944],[22.856944,-72.015833],[22.801389,-72.02]]]}},{"type":"Feature","properties":{"ASPA_No":179,"NAME":"Site C, Pingvinane, Parts of Western Sør Rondane Mountains, Dronning Maud Land, East Antarctica","Propon":"Belgium","DesigInstr":"Measure 18 (2023)","Area_km":9.867,"PrimProtDe":"B","BiodivDesi":1,"EnvDomain":"T","Marine":0,"ACBR":"6"},"geometry":{"type":"Polygon","coordinates":[[[23.014444,-71.984167],[23.011667,-71.984722],[23.012222,-71.986667],[23.011111,-71.986667],[23.010833,-71.993056],[23.0275,-71.996389],[23.028056,-72.003889],[23.055833,-72.003611],[23.055833,-72.017778],[23.0025,-72.019167],[23.001944,-72.018889],[23.002778,-72.018333],[22.970833,-72.018611],[22.972778,-72.012778],[22.970833,-72.012778],[22.973056,-72.011111],[22.974722,-72.005833],[22.980833,-72.005556],[22.981111,-72.000278],[22.964444,-72.000278],[22.970278,-71.986389],[22.971111,-71.986389],[22.970556,-71.983889],[22.976389,-71.981944],[22.9775,-71.973889],[23.015,-71.973611],[23.014444,-71.984167]]]}},{"type":"Feature","properties":{"ASPA_No":179,"NAME":"Site DN, Perlebandet, Parts of Western Sør Rondane Mountains, Dronning Maud Land, East Antarctica","Propon":"Belgium","DesigInstr":"Measure 18 (2023)","Area_km":4.159,"PrimProtDe":"B","BiodivDesi":1,"EnvDomain":"T","Marine":0,"ACBR":"6"},"geometry":{"type":"Polygon","coordinates":[[[22.792778,-71.860833],[22.791389,-71.849167],[22.821667,-71.834722],[22.859444,-71.841111],[22.836389,-71.857222],[22.792778,-71.860833]]]}},{"type":"Feature","properties":{"ASPA_No":179,"NAME":"Site E, Teltet, Parts of Western Sør Rondane Mountains, Dronning Maud Land, East Antarctica","Propon":"Belgium","DesigInstr":"Measure 18 (2023)","Area_km":1.456,"PrimProtDe":"B","BiodivDesi":1,"EnvDomain":"T","Marine":0,"ACBR":"6"},"geometry":{"type":"Polygon","coordinates":[[[23.474722,-71.991389],[23.476111,-71.979722],[23.500556,-71.979444],[23.5175,-71.989722],[23.474722,-71.991389]]]}},{"type":"Feature","properties":{"ASPA_No":179,"NAME":"Site F, Yûboku-dan Val, Parts of Western Sør Rondane Mountains, Dronning Maud Land, East Antarctica","Propon":"Belgium","DesigInstr":"Measure 18 (2023)","Area_km":11.062,"PrimProtDe":"B","BiodivDesi":1,"EnvDomain":"T","Marine":0,"ACBR":"6"},"geometry":{"type":"Polygon","coordinates":[[[23.826667,-72.103333],[23.754167,-72.096111],[23.743333,-72.078889],[23.805,-72.066944],[23.856111,-72.078611],[23.861111,-72.091667],[23.826667,-72.103333]]]}},{"type":"Feature","properties":{"ASPA_No":179,"NAME":"Site DS, Perlebandet, Parts of Western Sør Rondane Mountains, Dronning Maud Land, East Antarctica","Propon":"Belgium","DesigInstr":"Measure 18 (2023)","Area_km":3.665,"PrimProtDe":"B","BiodivDesi":1,"EnvDomain":"T","Marine":0,"ACBR":"6"},"geometry":{"type":"Polygon","coordinates":[[[22.765556,-71.882222],[22.753056,-71.896111],[22.719722,-71.89638899999987],[22.717778,-71.891667],[22.705556,-71.890278],[22.708611,-71.882778],[22.755278,-71.871944],[22.765556,-71.882222]]]}}]}